,CELL_ID
0,0303.1005
1,0303.1022
2,0303.1026
3,0303.1029
4,0303.1032
5,0303.1044
6,0303.1048
7,0303.1049
8,0303.1050
9,0303.1051
10,0303.1053
11,0303.1081
12,0303.1082
13,0303.1083
14,0303.1091
15,0303.1097
16,0303.1106
17,0303.1107
18,0303.1108
19,0303.1109
20,0303.1116
21,0303.1117
22,0303.1118
23,0303.1119
24,0303.1138
25,0303.1139
26,0303.1147
27,0303.1154
28,0303.1155
29,0303.1156
30,0303.1157
31,0303.1170
32,0303.1188
33,0303.1189
34,0303.1210
35,0303.1219
36,0303.1229
37,0303.1244
38,0303.1260
39,0303.1261
40,0303.1278
41,0303.128
42,0303.1280
43,0303.1285
44,0303.1295
45,0303.1296
46,0303.1297
47,0303.1315
48,0303.1316
49,0303.1330
50,0303.1339
51,0303.1340
52,0303.1341
53,0303.1343
54,0303.1344
55,0303.1350
56,0303.1357
57,0303.1362
58,0303.1366
59,0303.1382
60,0303.1383
61,0303.1408
62,0303.1410
63,0303.1418
64,0303.1419
65,0303.1430
66,0303.1432
67,0303.1434
68,0303.1436
69,0303.1444
70,0303.145
71,0303.146
72,0303.1463
73,0303.147
74,0303.1472
75,0303.1474
76,0303.148
77,0303.1490
78,0303.1491
79,0303.1511
80,0303.1512
81,0303.1520
82,0303.1539
83,0303.1542
84,0303.1543
85,0303.1545
86,0303.1546
87,0303.1550
88,0303.1553
89,0303.1555
90,0303.1556
91,0303.1564
92,0303.1570
93,0303.1576
94,0303.1582
95,0303.1585
96,0303.1590
97,0303.1607
98,0303.1620
99,0303.1624
100,0303.1625
101,0303.1638
102,0303.1639
103,0303.1640
104,0303.1644
105,0303.1647
106,0303.1665
107,0303.1694
108,0303.1718
109,0303.1731
110,0303.1739
111,0303.1767
112,0303.1768
113,0303.1774
114,0303.1782
115,0303.1811
116,0303.1812
117,0303.1815
118,0303.1817
119,0303.1837
120,0303.1839
121,0303.1844
122,0303.1851
123,0303.1852
124,0303.1871
125,0303.1880
126,0303.1881
127,0303.1882
128,0303.1888
129,0303.1892
130,0303.1905
131,0303.1908
132,0303.1914
133,0303.1923
134,0303.1945
135,0303.1970
136,0303.1971
137,0303.1972
138,0303.1993
139,0303.1998
140,0303.2
141,0303.2003
142,0303.2019
143,0303.2026
144,0303.2027
145,0303.2029
146,0303.2030
147,0303.2031
148,0303.2034
149,0303.2073
150,0303.2079
151,0303.2082
152,0303.2084
153,0303.2096
154,0303.21
155,0303.2102
156,0303.2114
157,0303.2122
158,0303.2123
159,0303.2161
160,0303.2162
161,0303.217
162,0303.2180
163,0303.2185
164,0303.2195
165,0303.2199
166,0303.2212
167,0303.2213
168,0303.2216
169,0303.2217
170,0303.2221
171,0303.224
172,0303.2242
173,0303.2279
174,0303.228
175,0303.2288
176,0303.229
177,0303.2291
178,0303.2292
179,0303.2295
180,0303.230
181,0303.2310
182,0303.2311
183,0303.2314
184,0303.2320
185,0303.2327
186,0303.2328
187,0303.2337
188,0303.2349
189,0303.2352
190,0303.2360
191,0303.2370
192,0303.2385
193,0303.2386
194,0303.2399
195,0303.2400
196,0303.2403
197,0303.2404
198,0303.2420
199,0303.2422
200,0303.2430
201,0303.2431
202,0303.2443
203,0303.2445
204,0303.2454
205,0303.2455
206,0303.2456
207,0303.2464
208,0303.2497
209,0303.2498
210,0303.2501
211,0303.2509
212,0303.2520
213,0303.2521
214,0303.2523
215,0303.2525
216,0303.2538
217,0303.2555
218,0303.2571
219,0303.2572
220,0303.2579
221,0303.2604
222,0303.2619
223,0303.2632
224,0303.2645
225,0303.2649
226,0303.2661
227,0303.2662
228,0303.2663
229,0303.2666
230,0303.2669
231,0303.2685
232,0303.2686
233,0303.2701
234,0303.2703
235,0303.2709
236,0303.2718
237,0303.275
238,0303.2833
239,0303.2834
240,0303.2840
241,0303.2842
242,0303.2848
243,0303.2857
244,0303.2875
245,0303.2879
246,0303.2886
247,0303.2895
248,0303.2898
249,0303.2908
250,0303.2929
251,0303.2930
252,0303.2940
253,0303.2953
254,0303.2955
255,0303.2956
256,0303.2963
257,0303.2964
258,0303.2998
259,0303.2999
260,0303.300
261,0303.3011
262,0303.3014
263,0303.3037
264,0303.3038
265,0303.3049
266,0303.3070
267,0303.308
268,0303.3089
269,0303.309
270,0303.3105
271,0303.3108
272,0303.314
273,0303.3164
274,0303.3203
275,0303.321
276,0303.3216
277,0303.3217
278,0303.322
279,0303.3223
280,0303.3224
281,0303.3232
282,0303.3238
283,0303.3240
284,0303.3245
285,0303.3252
286,0303.3260
287,0303.3263
288,0303.3273
289,0303.3278
290,0303.3305
291,0303.3327
292,0303.333
293,0303.334
294,0303.3362
295,0303.337
296,0303.343
297,0303.3433
298,0303.345
299,0303.3451
300,0303.3497
301,0303.3502
302,0303.3505
303,0303.3510
304,0303.3517
305,0303.3526
306,0303.3540
307,0303.358
308,0303.3581
309,0303.3597
310,0303.3624
311,0303.3641
312,0303.3677
313,0303.3685
314,0303.3692
315,0303.370
316,0303.371
317,0303.3728
318,0303.373
319,0303.3845
320,0303.3866
321,0303.3871
322,0303.3915
323,0303.3917
324,0303.396
325,0303.4
326,0303.4014
327,0303.409
328,0303.410
329,0303.415
330,0303.416
331,0303.431
332,0303.433
333,0303.438
334,0303.44
335,0303.440
336,0303.487
337,0303.490
338,0303.502
339,0303.506
340,0303.508
341,0303.509
342,0303.511
343,0303.517
344,0303.528
345,0303.535
346,0303.542
347,0303.543
348,0303.544
349,0303.553
350,0303.557
351,0303.574
352,0303.575
353,0303.582
354,0303.583
355,0303.584
356,0303.591
357,0303.596
358,0303.607
359,0303.612
360,0303.62
361,0303.622
362,0303.625
363,0303.63
364,0303.636
365,0303.637
366,0303.638
367,0303.639
368,0303.64
369,0303.650
370,0303.651
371,0303.652
372,0303.654
373,0303.655
374,0303.660
375,0303.666
376,0303.673
377,0303.686
378,0303.696
379,0303.7
380,0303.70
381,0303.709
382,0303.732
383,0303.736
384,0303.749
385,0303.76
386,0303.760
387,0303.771
388,0303.783
389,0303.80
390,0303.806
391,0303.807
392,0303.827
393,0303.828
394,0303.83
395,0303.835
396,0303.837
397,0303.845
398,0303.846
399,0303.857
400,0303.858
401,0303.9
402,0303.918
403,0303.919
404,0303.933
405,0303.934
406,0303.935
407,0303.940
408,0303.965
409,0303.968
410,0303.987
411,0303.988
412,0403.1
413,0403.1000
414,0403.1005
415,0403.1013
416,0403.1016
417,0403.1017
418,0403.1034
419,0403.1035
420,0403.1036
421,0403.1037
422,0403.1045
423,0403.1046
424,0403.1062
425,0403.1064
426,0403.1065
427,0403.1079
428,0403.108
429,0403.1086
430,0403.1087
431,0403.109
432,0403.1097
433,0403.11
434,0403.1101
435,0403.1109
436,0403.1110
437,0403.1139
438,0403.1140
439,0403.1149
440,0403.115
441,0403.1182
442,0403.1183
443,0403.1186
444,0403.1213
445,0403.1215
446,0403.1232
447,0403.1233
448,0403.1241
449,0403.125
450,0403.1257
451,0403.1259
452,0403.1260
453,0403.1261
454,0403.1262
455,0403.1271
456,0403.1309
457,0403.1325
458,0403.1332
459,0403.1333
460,0403.1342
461,0403.1346
462,0403.135
463,0403.136
464,0403.1361
465,0403.1363
466,0403.137
467,0403.1377
468,0403.138
469,0403.1380
470,0403.1396
471,0403.1399
472,0403.1409
473,0403.1410
474,0403.1430
475,0403.1431
476,0403.1438
477,0403.1450
478,0403.1471
479,0403.1481
480,0403.1496
481,0403.15
482,0403.1504
483,0403.1514
484,0403.1516
485,0403.1521
486,0403.1543
487,0403.1544
488,0403.156
489,0403.1572
490,0403.1589
491,0403.1590
492,0403.1595
493,0403.1601
494,0403.1612
495,0403.1615
496,0403.1621
497,0403.1629
498,0403.1637
499,0403.1653
500,0403.1670
501,0403.1671
502,0403.1674
503,0403.1688
504,0403.1689
505,0403.1690
506,0403.1692
507,0403.1694
508,0403.1700
509,0403.1721
510,0403.1724
511,0403.1741
512,0403.1742
513,0403.1751
514,0403.1760
515,0403.1761
516,0403.1763
517,0403.1767
518,0403.1783
519,0403.1793
520,0403.1800
521,0403.1813
522,0403.1817
523,0403.1833
524,0403.1837
525,0403.1849
526,0403.1850
527,0403.1851
528,0403.1854
529,0403.1856
530,0403.1873
531,0403.1881
532,0403.1885
533,0403.1894
534,0403.1909
535,0403.1930
536,0403.1947
537,0403.196
538,0403.1963
539,0403.1973
540,0403.1989
541,0403.199
542,0403.1995
543,0403.1996
544,0403.2004
545,0403.2007
546,0403.2008
547,0403.2009
548,0403.2025
549,0403.204
550,0403.206
551,0403.2061
552,0403.2071
553,0403.2080
554,0403.209
555,0403.2092
556,0403.2110
557,0403.2111
558,0403.2112
559,0403.2155
560,0403.2156
561,0403.2160
562,0403.2168
563,0403.2174
564,0403.2178
565,0403.2183
566,0403.2194
567,0403.2199
568,0403.2201
569,0403.2207
570,0403.2211
571,0403.2212
572,0403.2213
573,0403.2219
574,0403.2228
575,0403.2244
576,0403.2247
577,0403.2253
578,0403.2255
579,0403.226
580,0403.228
581,0403.2295
582,0403.2298
583,0403.2305
584,0403.2306
585,0403.2308
586,0403.2324
587,0403.2335
588,0403.2336
589,0403.2347
590,0403.2356
591,0403.2362
592,0403.2363
593,0403.238
594,0403.239
595,0403.2399
596,0403.2400
597,0403.2431
598,0403.2433
599,0403.2437
600,0403.2451
601,0403.2453
602,0403.2461
603,0403.2469
604,0403.2493
605,0403.2494
606,0403.2497
607,0403.2499
608,0403.2520
609,0403.253
610,0403.2534
611,0403.254
612,0403.255
613,0403.2554
614,0403.2555
615,0403.2557
616,0403.2559
617,0403.256
618,0403.2574
619,0403.2576
620,0403.2595
621,0403.2597
622,0403.2604
623,0403.2609
624,0403.261
625,0403.2611
626,0403.2615
627,0403.2616
628,0403.262
629,0403.2621
630,0403.263
631,0403.264
632,0403.2671
633,0403.2673
634,0403.2686
635,0403.2703
636,0403.2704
637,0403.2714
638,0403.2738
639,0403.2740
640,0403.2753
641,0403.2757
642,0403.2764
643,0403.2767
644,0403.2768
645,0403.2791
646,0403.2792
647,0403.2793
648,0403.2795
649,0403.2804
650,0403.2806
651,0403.2810
652,0403.2816
653,0403.2818
654,0403.2827
655,0403.2829
656,0403.2830
657,0403.2833
658,0403.2834
659,0403.2837
660,0403.2840
661,0403.2841
662,0403.2846
663,0403.2847
664,0403.2855
665,0403.286
666,0403.2876
667,0403.2880
668,0403.2899
669,0403.2903
670,0403.2904
671,0403.2908
672,0403.2910
673,0403.2911
674,0403.2931
675,0403.2954
676,0403.2973
677,0403.299
678,0403.2994
679,0403.3001
680,0403.3011
681,0403.3013
682,0403.3015
683,0403.3017
684,0403.3018
685,0403.3020
686,0403.3027
687,0403.3061
688,0403.3081
689,0403.3089
690,0403.3099
691,0403.3100
692,0403.3104
693,0403.3137
694,0403.3140
695,0403.3144
696,0403.3179
697,0403.318
698,0403.3182
699,0403.3183
700,0403.3184
701,0403.3185
702,0403.320
703,0403.3218
704,0403.3237
705,0403.3241
706,0403.3244
707,0403.3266
708,0403.3276
709,0403.3277
710,0403.3290
711,0403.3334
712,0403.3347
713,0403.3360
714,0403.3366
715,0403.3387
716,0403.3403
717,0403.3409
718,0403.342
719,0403.343
720,0403.3441
721,0403.3442
722,0403.3444
723,0403.3445
724,0403.3460
725,0403.348
726,0403.3498
727,0403.3517
728,0403.3528
729,0403.3546
730,0403.3553
731,0403.3554
732,0403.3558
733,0403.3574
734,0403.3583
735,0403.3632
736,0403.3651
737,0403.3660
738,0403.3665
739,0403.3673
740,0403.3676
741,0403.3687
742,0403.371
743,0403.3731
744,0403.3790
745,0403.3801
746,0403.381
747,0403.382
748,0403.3832
749,0403.3833
750,0403.3854
751,0403.3864
752,0403.3917
753,0403.3981
754,0403.4004
755,0403.4010
756,0403.4012
757,0403.4013
758,0403.4026
759,0403.4027
760,0403.4030
761,0403.4056
762,0403.4061
763,0403.408
764,0403.409
765,0403.4147
766,0403.4211
767,0403.4223
768,0403.4232
769,0403.4243
770,0403.4257
771,0403.4263
772,0403.43
773,0403.4300
774,0403.4305
775,0403.4309
776,0403.4319
777,0403.434
778,0403.4352
779,0403.4378
780,0403.4403
781,0403.4414
782,0403.4452
783,0403.4467
784,0403.4488
785,0403.4497
786,0403.454
787,0403.4578
788,0403.4625
789,0403.4639
790,0403.4653
791,0403.4763
792,0403.4787
793,0403.4909
794,0403.502
795,0403.503
796,0403.504
797,0403.506
798,0403.5092
799,0403.512
800,0403.515
801,0403.52
802,0403.534
803,0403.536
804,0403.541
805,0403.558
806,0403.567
807,0403.568
808,0403.575
809,0403.582
810,0403.583
811,0403.596
812,0403.598
813,0403.60
814,0403.605
815,0403.606
816,0403.607
817,0403.62
818,0403.620
819,0403.621
820,0403.628
821,0403.63
822,0403.632
823,0403.633
824,0403.64
825,0403.65
826,0403.66
827,0403.661
828,0403.679
829,0403.689
830,0403.694
831,0403.707
832,0403.710
833,0403.717
834,0403.721
835,0403.722
836,0403.725
837,0403.726
838,0403.738
839,0403.739
840,0403.760
841,0403.765
842,0403.768
843,0403.78
844,0403.808
845,0403.818
846,0403.824
847,0403.829
848,0403.830
849,0403.833
850,0403.834
851,0403.836
852,0403.851
853,0403.87
854,0403.870
855,0403.873
856,0403.878
857,0403.894
858,0403.905
859,0403.909
860,0403.926
861,0403.929
862,0403.935
863,0403.936
864,0403.940
865,0403.963
866,0403.971
867,0403.986
868,0403.989
869,0503.1001
870,0503.1016
871,0503.1017
872,0503.102
873,0503.1029
874,0503.1030
875,0503.1033
876,0503.1036
877,0503.1037
878,0503.1040
879,0503.1041
880,0503.105
881,0503.1065
882,0503.1066
883,0503.1078
884,0503.1082
885,0503.1083
886,0503.1084
887,0503.1086
888,0503.1110
889,0503.1111
890,0503.1112
891,0503.1118
892,0503.1120
893,0503.1124
894,0503.1129
895,0503.1137
896,0503.1145
897,0503.1156
898,0503.1166
899,0503.1168
900,0503.1170
901,0503.1172
902,0503.1190
903,0503.1193
904,0503.1197
905,0503.1225
906,0503.1227
907,0503.1229
908,0503.1233
909,0503.1247
910,0503.1249
911,0503.1255
912,0503.1256
913,0503.1258
914,0503.1265
915,0503.127
916,0503.1278
917,0503.1279
918,0503.133
919,0503.1330
920,0503.1338
921,0503.1357
922,0503.1358
923,0503.1364
924,0503.1375
925,0503.1376
926,0503.1377
927,0503.1378
928,0503.1379
929,0503.1380
930,0503.1393
931,0503.1394
932,0503.1395
933,0503.1412
934,0503.1413
935,0503.1416
936,0503.143
937,0503.1432
938,0503.1433
939,0503.144
940,0503.1440
941,0503.1441
942,0503.1444
943,0503.1449
944,0503.145
945,0503.1471
946,0503.1477
947,0503.1480
948,0503.1483
949,0503.1484
950,0503.1485
951,0503.1487
952,0503.1504
953,0503.1512
954,0503.1514
955,0503.1531
956,0503.1534
957,0503.1540
958,0503.1546
959,0503.1551
960,0503.156
961,0503.1565
962,0503.1566
963,0503.1568
964,0503.1584
965,0503.1585
966,0503.161
967,0503.1613
968,0503.1614
969,0503.1615
970,0503.162
971,0503.1628
972,0503.1647
973,0503.1648
974,0503.1649
975,0503.1656
976,0503.1666
977,0503.1681
978,0503.1695
979,0503.1698
980,0503.1707
981,0503.1714
982,0503.1716
983,0503.1750
984,0503.1751
985,0503.1754
986,0503.1764
987,0503.1768
988,0503.1774
989,0503.1775
990,0503.1780
991,0503.1787
992,0503.1801
993,0503.1813
994,0503.1814
995,0503.1818
996,0503.183
997,0503.1846
998,0503.1864
999,0503.1880
1000,0503.1905
1001,0503.1906
1002,0503.1907
1003,0503.1913
1004,0503.1914
1005,0503.1922
1006,0503.1923
1007,0503.1927
1008,0503.1928
1009,0503.1940
1010,0503.1957
1011,0503.1958
1012,0503.1961
1013,0503.1962
1014,0503.1969
1015,0503.1982
1016,0503.1988
1017,0503.1995
1018,0503.201
1019,0503.2019
1020,0503.2021
1021,0503.2022
1022,0503.2028
1023,0503.2046
1024,0503.205
1025,0503.2062
1026,0503.2063
1027,0503.2070
1028,0503.2079
1029,0503.2087
1030,0503.2092
1031,0503.2098
1032,0503.2100
1033,0503.2101
1034,0503.2103
1035,0503.2104
1036,0503.212
1037,0503.2125
1038,0503.2129
1039,0503.213
1040,0503.2130
1041,0503.2131
1042,0503.2132
1043,0503.2135
1044,0503.214
1045,0503.2144
1046,0503.2146
1047,0503.2148
1048,0503.2152
1049,0503.217
1050,0503.2181
1051,0503.2182
1052,0503.2183
1053,0503.2184
1054,0503.220
1055,0503.2203
1056,0503.2205
1057,0503.2209
1058,0503.221
1059,0503.2222
1060,0503.2229
1061,0503.2231
1062,0503.2249
1063,0503.2254
1064,0503.2259
1065,0503.2260
1066,0503.2276
1067,0503.2279
1068,0503.2284
1069,0503.2285
1070,0503.2297
1071,0503.2298
1072,0503.2299
1073,0503.2302
1074,0503.2303
1075,0503.2315
1076,0503.2338
1077,0503.2344
1078,0503.235
1079,0503.2357
1080,0503.2365
1081,0503.2367
1082,0503.2378
1083,0503.2388
1084,0503.2409
1085,0503.2412
1086,0503.2417
1087,0503.2459
1088,0503.2460
1089,0503.2461
1090,0503.2467
1091,0503.2468
1092,0503.2469
1093,0503.2479
1094,0503.250
1095,0503.2502
1096,0503.2536
1097,0503.254
1098,0503.2545
1099,0503.255
1100,0503.256
1101,0503.257
1102,0503.2572
1103,0503.2584
1104,0503.2655
1105,0503.2656
1106,0503.2657
1107,0503.2676
1108,0503.2701
1109,0503.271
1110,0503.2714
1111,0503.2718
1112,0503.272
1113,0503.274
1114,0503.280
1115,0503.2806
1116,0503.2818
1117,0503.2832
1118,0503.2841
1119,0503.2848
1120,0503.2894
1121,0503.2896
1122,0503.2901
1123,0503.2921
1124,0503.2935
1125,0503.2957
1126,0503.296
1127,0503.2977
1128,0503.298
1129,0503.3
1130,0503.3007
1131,0503.3008
1132,0503.3040
1133,0503.3048
1134,0503.3062
1135,0503.3067
1136,0503.3089
1137,0503.3092
1138,0503.3099
1139,0503.3103
1140,0503.3108
1141,0503.3132
1142,0503.3136
1143,0503.3164
1144,0503.317
1145,0503.3177
1146,0503.3181
1147,0503.3196
1148,0503.3218
1149,0503.323
1150,0503.3278
1151,0503.329
1152,0503.3307
1153,0503.3326
1154,0503.3333
1155,0503.3358
1156,0503.338
1157,0503.339
1158,0503.3457
1159,0503.358
1160,0503.359
1161,0503.360
1162,0503.361
1163,0503.362
1164,0503.376
1165,0503.384
1166,0503.385
1167,0503.386
1168,0503.387
1169,0503.396
1170,0503.4
1171,0503.400
1172,0503.41
1173,0503.42
1174,0503.426
1175,0503.43
1176,0503.446
1177,0503.447
1178,0503.448
1179,0503.450
1180,0503.451
1181,0503.463
1182,0503.468
1183,0503.481
1184,0503.490
1185,0503.5
1186,0503.502
1187,0503.511
1188,0503.512
1189,0503.513
1190,0503.526
1191,0503.527
1192,0503.551
1193,0503.572
1194,0503.573
1195,0503.574
1196,0503.59
1197,0503.594
1198,0503.595
1199,0503.599
1200,0503.600
1201,0503.601
1202,0503.603
1203,0503.626
1204,0503.627
1205,0503.628
1206,0503.655
1207,0503.656
1208,0503.657
1209,0503.663
1210,0503.665
1211,0503.677
1212,0503.678
1213,0503.683
1214,0503.686
1215,0503.69
1216,0503.70
1217,0503.703
1218,0503.71
1219,0503.762
1220,0503.771
1221,0503.784
1222,0503.785
1223,0503.788
1224,0503.790
1225,0503.799
1226,0503.817
1227,0503.820
1228,0503.822
1229,0503.843
1230,0503.845
1231,0503.869
1232,0503.879
1233,0503.880
1234,0503.883
1235,0503.9
1236,0503.902
1237,0503.907
1238,0503.92
1239,0503.930
1240,0503.96
1241,0503.963
1242,0503.964
1243,0503.967
1244,0503.990
1245,0503.991
1246,0503.992
1247,0503.998
1248,0503.999
1249,0603.1
1250,0603.100
1251,0603.1010
1252,0603.1022
1253,0603.1028
1254,0603.103
1255,0603.1033
1256,0603.1048
1257,0603.1049
1258,0603.1067
1259,0603.107
1260,0603.108
1261,0603.1086
1262,0603.109
1263,0603.1093
1264,0603.1103
1265,0603.1105
1266,0603.111
1267,0603.1118
1268,0603.1126
1269,0603.1132
1270,0603.1133
1271,0603.1148
1272,0603.1151
1273,0603.1156
1274,0603.1157
1275,0603.1158
1276,0603.1159
1277,0603.116
1278,0603.1163
1279,0603.1164
1280,0603.117
1281,0603.1173
1282,0603.1174
1283,0603.1188
1284,0603.1189
1285,0603.119
1286,0603.1193
1287,0603.1204
1288,0603.1205
1289,0603.121
1290,0603.1234
1291,0603.1235
1292,0603.1236
1293,0603.1251
1294,0603.1252
1295,0603.1253
1296,0603.1257
1297,0603.1259
1298,0603.1260
1299,0603.1273
1300,0603.1274
1301,0603.1281
1302,0603.1285
1303,0603.1286
1304,0603.1290
1305,0603.1296
1306,0603.1297
1307,0603.1298
1308,0603.130
1309,0603.1303
1310,0603.1304
1311,0603.1312
1312,0603.1314
1313,0603.1325
1314,0603.1327
1315,0603.1349
1316,0603.1351
1317,0603.1359
1318,0603.137
1319,0603.1374
1320,0603.1376
1321,0603.1390
1322,0603.1391
1323,0603.1398
1324,0603.1399
1325,0603.1412
1326,0603.1417
1327,0603.1437
1328,0603.1439
1329,0603.1442
1330,0603.1444
1331,0603.1458
1332,0603.1459
1333,0603.1461
1334,0603.1463
1335,0603.1465
1336,0603.1466
1337,0603.1469
1338,0603.1471
1339,0603.1486
1340,0603.1488
1341,0603.1491
1342,0603.1505
1343,0603.1521
1344,0603.1529
1345,0603.153
1346,0603.1530
1347,0603.1531
1348,0603.1546
1349,0603.1547
1350,0603.1550
1351,0603.156
1352,0603.1560
1353,0603.1567
1354,0603.157
1355,0603.158
1356,0603.1581
1357,0603.1587
1358,0603.1593
1359,0603.1616
1360,0603.162
1361,0603.1627
1362,0603.163
1363,0603.1632
1364,0603.1633
1365,0603.1634
1366,0603.1638
1367,0603.1644
1368,0603.1659
1369,0603.1673
1370,0603.1674
1371,0603.1677
1372,0603.1701
1373,0603.1718
1374,0603.1730
1375,0603.1737
1376,0603.1738
1377,0603.1741
1378,0603.1746
1379,0603.1757
1380,0603.1769
1381,0603.1771
1382,0603.1775
1383,0603.1786
1384,0603.1787
1385,0603.1788
1386,0603.1789
1387,0603.1790
1388,0603.1806
1389,0603.1816
1390,0603.1817
1391,0603.1820
1392,0603.1831
1393,0603.1832
1394,0603.1833
1395,0603.1837
1396,0603.184
1397,0603.1874
1398,0603.1877
1399,0603.1887
1400,0603.1894
1401,0603.1896
1402,0603.1899
1403,0603.1900
1404,0603.1918
1405,0603.1930
1406,0603.1931
1407,0603.1932
1408,0603.1937
1409,0603.1964
1410,0603.1966
1411,0603.1976
1412,0603.1977
1413,0603.1978
1414,0603.1993
1415,0603.2
1416,0603.2009
1417,0603.2018
1418,0603.2019
1419,0603.2029
1420,0603.2030
1421,0603.2034
1422,0603.2036
1423,0603.2037
1424,0603.2047
1425,0603.2064
1426,0603.2073
1427,0603.2079
1428,0603.2080
1429,0603.2082
1430,0603.2084
1431,0603.209
1432,0603.210
1433,0603.2110
1434,0603.212
1435,0603.2121
1436,0603.2132
1437,0603.2133
1438,0603.2139
1439,0603.2147
1440,0603.2156
1441,0603.2157
1442,0603.2162
1443,0603.2175
1444,0603.218
1445,0603.2181
1446,0603.2205
1447,0603.2206
1448,0603.2211
1449,0603.2226
1450,0603.2227
1451,0603.2228
1452,0603.2229
1453,0603.2236
1454,0603.2252
1455,0603.2254
1456,0603.2255
1457,0603.2256
1458,0603.2258
1459,0603.2278
1460,0603.2291
1461,0603.2292
1462,0603.230
1463,0603.2301
1464,0603.2313
1465,0603.2314
1466,0603.2315
1467,0603.2321
1468,0603.2323
1469,0603.2333
1470,0603.2355
1471,0603.2356
1472,0603.2359
1473,0603.2362
1474,0603.2375
1475,0603.2384
1476,0603.2385
1477,0603.2391
1478,0603.2399
1479,0603.24
1480,0603.2400
1481,0603.2415
1482,0603.2416
1483,0603.2418
1484,0603.2419
1485,0603.242
1486,0603.2420
1487,0603.2421
1488,0603.2456
1489,0603.2458
1490,0603.2463
1491,0603.2477
1492,0603.2508
1493,0603.2518
1494,0603.2523
1495,0603.2525
1496,0603.2558
1497,0603.2559
1498,0603.2572
1499,0603.2574
1500,0603.2575
1501,0603.260
1502,0603.2652
1503,0603.2660
1504,0603.2661
1505,0603.2664
1506,0603.2677
1507,0603.2707
1508,0603.271
1509,0603.2712
1510,0603.2714
1511,0603.2719
1512,0603.2721
1513,0603.2731
1514,0603.2739
1515,0603.2757
1516,0603.2758
1517,0603.2775
1518,0603.2785
1519,0603.2804
1520,0603.2842
1521,0603.2856
1522,0603.2857
1523,0603.2886
1524,0603.290
1525,0603.2913
1526,0603.2919
1527,0603.2936
1528,0603.2954
1529,0603.2960
1530,0603.2974
1531,0603.2976
1532,0603.3
1533,0603.304
1534,0603.3042
1535,0603.3049
1536,0603.305
1537,0603.3055
1538,0603.3063
1539,0603.308
1540,0603.3082
1541,0603.3090
1542,0603.3119
1543,0603.3122
1544,0603.3137
1545,0603.318
1546,0603.3210
1547,0603.3237
1548,0603.3242
1549,0603.3263
1550,0603.3270
1551,0603.3281
1552,0603.33
1553,0603.3304
1554,0603.3308
1555,0603.331
1556,0603.3344
1557,0603.3353
1558,0603.3415
1559,0603.3465
1560,0603.354
1561,0603.355
1562,0603.356
1563,0603.357
1564,0603.3582
1565,0603.370
1566,0603.377
1567,0603.383
1568,0603.393
1569,0603.401
1570,0603.402
1571,0603.403
1572,0603.404
1573,0603.405
1574,0603.406
1575,0603.41
1576,0603.423
1577,0603.425
1578,0603.427
1579,0603.43
1580,0603.433
1581,0603.434
1582,0603.44
1583,0603.448
1584,0603.46
1585,0603.460
1586,0603.461
1587,0603.464
1588,0603.466
1589,0603.468
1590,0603.474
1591,0603.477
1592,0603.48
1593,0603.481
1594,0603.486
1595,0603.497
1596,0603.498
1597,0603.499
1598,0603.502
1599,0603.529
1600,0603.53
1601,0603.530
1602,0603.531
1603,0603.546
1604,0603.547
1605,0603.552
1606,0603.554
1607,0603.572
1608,0603.573
1609,0603.575
1610,0603.580
1611,0603.606
1612,0603.612
1613,0603.617
1614,0603.627
1615,0603.644
1616,0603.649
1617,0603.650
1618,0603.654
1619,0603.656
1620,0603.671
1621,0603.672
1622,0603.675
1623,0603.676
1624,0603.678
1625,0603.68
1626,0603.69
1627,0603.693
1628,0603.694
1629,0603.696
1630,0603.71
1631,0603.733
1632,0603.735
1633,0603.737
1634,0603.739
1635,0603.741
1636,0603.766
1637,0603.767
1638,0603.768
1639,0603.770
1640,0603.772
1641,0603.774
1642,0603.775
1643,0603.797
1644,0603.798
1645,0603.800
1646,0603.801
1647,0603.809
1648,0603.814
1649,0603.815
1650,0603.828
1651,0603.829
1652,0603.831
1653,0603.832
1654,0603.849
1655,0603.877
1656,0603.89
1657,0603.891
1658,0603.90
1659,0603.921
1660,0603.922
1661,0603.929
1662,0603.938
1663,0603.943
1664,0603.944
1665,0603.952
1666,0603.953
1667,0603.962
1668,0603.963
1669,0603.964
1670,0603.966
1671,0603.968
1672,0603.970
1673,0603.972
1674,0603.989
1675,0603.993
1676,0603.999
1677,0607.1010
1678,0607.1011
1679,0607.1012
1680,0607.1013
1681,0607.1014
1682,0607.1015
1683,0607.1016
1684,0607.1026
1685,0607.1028
1686,0607.1030
1687,0607.1032
1688,0607.1033
1689,0607.1034
1690,0607.104
1691,0607.1041
1692,0607.1046
1693,0607.1048
1694,0607.1060
1695,0607.1062
1696,0607.1064
1697,0607.1065
1698,0607.1067
1699,0607.1068
1700,0607.1069
1701,0607.1083
1702,0607.1086
1703,0607.1087
1704,0607.1088
1705,0607.1089
1706,0607.1090
1707,0607.1091
1708,0607.1096
1709,0607.1097
1710,0607.1099
1711,0607.11
1712,0607.1114
1713,0607.1116
1714,0607.1118
1715,0607.1119
1716,0607.1120
1717,0607.1121
1718,0607.1131
1719,0607.1133
1720,0607.1137
1721,0607.1138
1722,0607.1145
1723,0607.1146
1724,0607.1147
1725,0607.1148
1726,0607.1149
1727,0607.115
1728,0607.1150
1729,0607.1151
1730,0607.1152
1731,0607.1154
1732,0607.1155
1733,0607.1157
1734,0607.1158
1735,0607.116
1736,0607.1169
1737,0607.117
1738,0607.1170
1739,0607.1172
1740,0607.1176
1741,0607.12
1742,0607.1208
1743,0607.1212
1744,0607.1213
1745,0607.1214
1746,0607.1215
1747,0607.1216
1748,0607.1217
1749,0607.1226
1750,0607.123
1751,0607.1230
1752,0607.1231
1753,0607.1232
1754,0607.1233
1755,0607.1234
1756,0607.1235
1757,0607.1238
1758,0607.1239
1759,0607.124
1760,0607.1241
1761,0607.1243
1762,0607.1259
1763,0607.126
1764,0607.1260
1765,0607.1261
1766,0607.1262
1767,0607.1263
1768,0607.1264
1769,0607.1265
1770,0607.1267
1771,0607.1268
1772,0607.1269
1773,0607.1270
1774,0607.1275
1775,0607.1276
1776,0607.1279
1777,0607.1280
1778,0607.1281
1779,0607.1282
1780,0607.1295
1781,0607.1296
1782,0607.1297
1783,0607.1298
1784,0607.1299
1785,0607.13
1786,0607.1300
1787,0607.1301
1788,0607.1303
1789,0607.1307
1790,0607.1310
1791,0607.1311
1792,0607.1312
1793,0607.1314
1794,0607.1315
1795,0607.1319
1796,0607.1320
1797,0607.1330
1798,0607.1331
1799,0607.1332
1800,0607.1334
1801,0607.1336
1802,0607.1338
1803,0607.1339
1804,0607.1346
1805,0607.1347
1806,0607.1356
1807,0607.1357
1808,0607.1358
1809,0607.1359
1810,0607.1360
1811,0607.1365
1812,0607.1366
1813,0607.1367
1814,0607.1368
1815,0607.1370
1816,0607.1371
1817,0607.1378
1818,0607.1379
1819,0607.138
1820,0607.1382
1821,0607.1383
1822,0607.1385
1823,0607.1386
1824,0607.1387
1825,0607.1388
1826,0607.139
1827,0607.1392
1828,0607.1393
1829,0607.1399
1830,0607.140
1831,0607.1400
1832,0607.1404
1833,0607.1410
1834,0607.1418
1835,0607.142
1836,0607.1420
1837,0607.1421
1838,0607.1422
1839,0607.1423
1840,0607.1424
1841,0607.143
1842,0607.1432
1843,0607.1437
1844,0607.1438
1845,0607.1440
1846,0607.1441
1847,0607.1444
1848,0607.1445
1849,0607.1457
1850,0607.1458
1851,0607.1460
1852,0607.1461
1853,0607.1463
1854,0607.1464
1855,0607.1467
1856,0607.1468
1857,0607.1478
1858,0607.1482
1859,0607.1483
1860,0607.1490
1861,0607.1491
1862,0607.1492
1863,0607.1497
1864,0607.1499
1865,0607.15
1866,0607.1501
1867,0607.1505
1868,0607.1510
1869,0607.1515
1870,0607.1516
1871,0607.1517
1872,0607.1518
1873,0607.1519
1874,0607.1524
1875,0607.1525
1876,0607.1527
1877,0607.1528
1878,0607.1539
1879,0607.1540
1880,0607.1541
1881,0607.1542
1882,0607.1543
1883,0607.1544
1884,0607.1545
1885,0607.1547
1886,0607.1548
1887,0607.1549
1888,0607.1550
1889,0607.1551
1890,0607.1552
1891,0607.1553
1892,0607.1554
1893,0607.1557
1894,0607.1558
1895,0607.1559
1896,0607.1560
1897,0607.1561
1898,0607.1562
1899,0607.1563
1900,0607.1564
1901,0607.1567
1902,0607.1568
1903,0607.159
1904,0607.1592
1905,0607.1595
1906,0607.16
1907,0607.160
1908,0607.1601
1909,0607.1603
1910,0607.1604
1911,0607.1606
1912,0607.1607
1913,0607.1608
1914,0607.161
1915,0607.1612
1916,0607.1613
1917,0607.162
1918,0607.1621
1919,0607.1622
1920,0607.1623
1921,0607.1624
1922,0607.1625
1923,0607.1626
1924,0607.1629
1925,0607.163
1926,0607.1630
1927,0607.1631
1928,0607.1634
1929,0607.1636
1930,0607.164
1931,0607.1645
1932,0607.1657
1933,0607.1659
1934,0607.1660
1935,0607.1661
1936,0607.1663
1937,0607.1664
1938,0607.1668
1939,0607.1669
1940,0607.1670
1941,0607.1671
1942,0607.1679
1943,0607.1681
1944,0607.1682
1945,0607.1683
1946,0607.1684
1947,0607.1685
1948,0607.1686
1949,0607.1689
1950,0607.169
1951,0607.1691
1952,0607.1693
1953,0607.17
1954,0607.170
1955,0607.1700
1956,0607.1712
1957,0607.1721
1958,0607.1726
1959,0607.1727
1960,0607.1728
1961,0607.1729
1962,0607.173
1963,0607.1737
1964,0607.1738
1965,0607.1744
1966,0607.1750
1967,0607.1751
1968,0607.1752
1969,0607.1754
1970,0607.1755
1971,0607.1767
1972,0607.1768
1973,0607.1770
1974,0607.1771
1975,0607.18
1976,0607.1845
1977,0607.1846
1978,0607.1851
1979,0607.1873
1980,0607.1874
1981,0607.1875
1982,0607.1876
1983,0607.1877
1984,0607.1878
1985,0607.1879
1986,0607.1881
1987,0607.1884
1988,0607.1886
1989,0607.1914
1990,0607.1915
1991,0607.1925
1992,0607.1926
1993,0607.1932
1994,0607.195
1995,0607.1950
1996,0607.1952
1997,0607.1953
1998,0607.1954
1999,0607.1955
2000,0607.1956
2001,0607.1957
2002,0607.1959
2003,0607.1962
2004,0607.1963
2005,0607.197
2006,0607.1979
2007,0607.198
2008,0607.1983
2009,0607.1985
2010,0607.1986
2011,0607.20
2012,0607.200
2013,0607.2005
2014,0607.2007
2015,0607.201
2016,0607.202
2017,0607.2026
2018,0607.2027
2019,0607.203
2020,0607.2034
2021,0607.2036
2022,0607.2037
2023,0607.2038
2024,0607.2039
2025,0607.204
2026,0607.2040
2027,0607.2044
2028,0607.2055
2029,0607.2056
2030,0607.2057
2031,0607.206
2032,0607.2063
2033,0607.207
2034,0607.2070
2035,0607.2075
2036,0607.2076
2037,0607.2078
2038,0607.2079
2039,0607.208
2040,0607.2083
2041,0607.2084
2042,0607.2086
2043,0607.2087
2044,0607.2088
2045,0607.2089
2046,0607.21
2047,0607.2111
2048,0607.2118
2049,0607.2119
2050,0607.2121
2051,0607.2123
2052,0607.2141
2053,0607.2167
2054,0607.2170
2055,0607.2176
2056,0607.2186
2057,0607.219
2058,0607.2190
2059,0607.2193
2060,0607.2196
2061,0607.2197
2062,0607.22
2063,0607.220
2064,0607.2208
2065,0607.2217
2066,0607.2220
2067,0607.2226
2068,0607.2229
2069,0607.2239
2070,0607.2240
2071,0607.2241
2072,0607.2244
2073,0607.2245
2074,0607.225
2075,0607.2255
2076,0607.2272
2077,0607.2279
2078,0607.23
2079,0607.234
2080,0607.236
2081,0607.2373
2082,0607.2374
2083,0607.2376
2084,0607.2383
2085,0607.2384
2086,0607.2389
2087,0607.2393
2088,0607.2394
2089,0607.24
2090,0607.2401
2091,0607.2402
2092,0607.2404
2093,0607.2419
2094,0607.2420
2095,0607.2426
2096,0607.2428
2097,0607.2437
2098,0607.2441
2099,0607.2443
2100,0607.2444
2101,0607.2445
2102,0607.245
2103,0607.2451
2104,0607.2464
2105,0607.2466
2106,0607.2480
2107,0607.2484
2108,0607.2485
2109,0607.2486
2110,0607.249
2111,0607.2510
2112,0607.2515
2113,0607.2525
2114,0607.2537
2115,0607.2538
2116,0607.2543
2117,0607.2544
2118,0607.2547
2119,0607.2553
2120,0607.2561
2121,0607.2566
2122,0607.2568
2123,0607.2574
2124,0607.2575
2125,0607.2576
2126,0607.2578
2127,0607.2579
2128,0607.2590
2129,0607.2599
2130,0607.2600
2131,0607.2601
2132,0607.2606
2133,0607.2616
2134,0607.2622
2135,0607.2623
2136,0607.2629
2137,0607.2630
2138,0607.2633
2139,0607.2647
2140,0607.2649
2141,0607.2651
2142,0607.2657
2143,0607.2658
2144,0607.2664
2145,0607.2674
2146,0607.2678
2147,0607.2685
2148,0607.2686
2149,0607.2691
2150,0607.2701
2151,0607.2705
2152,0607.2706
2153,0607.2718
2154,0607.2719
2155,0607.2725
2156,0607.2742
2157,0607.2757
2158,0607.2785
2159,0607.2797
2160,0607.2798
2161,0607.281
2162,0607.2810
2163,0607.2815
2164,0607.282
2165,0607.2821
2166,0607.2837
2167,0607.2855
2168,0607.2887
2169,0607.2915
2170,0607.292
2171,0607.2928
2172,0607.2937
2173,0607.294
2174,0607.2952
2175,0607.2955
2176,0607.296
2177,0607.297
2178,0607.2970
2179,0607.2977
2180,0607.298
2181,0607.299
2182,0607.3
2183,0607.300
2184,0607.3002
2185,0607.301
2186,0607.3019
2187,0607.3026
2188,0607.306
2189,0607.3069
2190,0607.307
2191,0607.3074
2192,0607.308
2193,0607.320
2194,0607.321
2195,0607.3215
2196,0607.322
2197,0607.323
2198,0607.324
2199,0607.327
2200,0607.332
2201,0607.334
2202,0607.335
2203,0607.337
2204,0607.338
2205,0607.339
2206,0607.341
2207,0607.344
2208,0607.345
2209,0607.349
2210,0607.350
2211,0607.365
2212,0607.366
2213,0607.372
2214,0607.373
2215,0607.374
2216,0607.375
2217,0607.376
2218,0607.377
2219,0607.378
2220,0607.379
2221,0607.382
2222,0607.39
2223,0607.40
2224,0607.41
2225,0607.418
2226,0607.419
2227,0607.421
2228,0607.422
2229,0607.423
2230,0607.424
2231,0607.425
2232,0607.426
2233,0607.427
2234,0607.428
2235,0607.429
2236,0607.431
2237,0607.440
2238,0607.441
2239,0607.453
2240,0607.454
2241,0607.455
2242,0607.456
2243,0607.459
2244,0607.460
2245,0607.463
2246,0607.464
2247,0607.465
2248,0607.466
2249,0607.474
2250,0607.475
2251,0607.476
2252,0607.490
2253,0607.495
2254,0607.498
2255,0607.499
2256,0607.500
2257,0607.51
2258,0607.510
2259,0607.52
2260,0607.526
2261,0607.527
2262,0607.528
2263,0607.53
2264,0607.532
2265,0607.535
2266,0607.536
2267,0607.54
2268,0607.541
2269,0607.542
2270,0607.55
2271,0607.552
2272,0607.553
2273,0607.554
2274,0607.558
2275,0607.559
2276,0607.56
2277,0607.560
2278,0607.561
2279,0607.562
2280,0607.563
2281,0607.566
2282,0607.568
2283,0607.57
2284,0607.570
2285,0607.571
2286,0607.58
2287,0607.582
2288,0607.583
2289,0607.584
2290,0607.586
2291,0607.587
2292,0607.589
2293,0607.59
2294,0607.591
2295,0607.592
2296,0607.593
2297,0607.595
2298,0607.60
2299,0607.604
2300,0607.605
2301,0607.61
2302,0607.614
2303,0607.615
2304,0607.616
2305,0607.617
2306,0607.62
2307,0607.620
2308,0607.622
2309,0607.623
2310,0607.625
2311,0607.626
2312,0607.627
2313,0607.628
2314,0607.629
2315,0607.630
2316,0607.631
2317,0607.632
2318,0607.633
2319,0607.634
2320,0607.635
2321,0607.656
2322,0607.667
2323,0607.668
2324,0607.674
2325,0607.685
2326,0607.686
2327,0607.687
2328,0607.688
2329,0607.689
2330,0607.690
2331,0607.691
2332,0607.692
2333,0607.693
2334,0607.694
2335,0607.695
2336,0607.696
2337,0607.697
2338,0607.698
2339,0607.716
2340,0607.719
2341,0607.720
2342,0607.739
2343,0607.740
2344,0607.741
2345,0607.742
2346,0607.744
2347,0607.745
2348,0607.746
2349,0607.757
2350,0607.758
2351,0607.759
2352,0607.762
2353,0607.763
2354,0607.773
2355,0607.774
2356,0607.776
2357,0607.777
2358,0607.778
2359,0607.779
2360,0607.780
2361,0607.783
2362,0607.784
2363,0607.785
2364,0607.79
2365,0607.8
2366,0607.80
2367,0607.812
2368,0607.818
2369,0607.819
2370,0607.820
2371,0607.821
2372,0607.824
2373,0607.826
2374,0607.827
2375,0607.835
2376,0607.836
2377,0607.838
2378,0607.846
2379,0607.847
2380,0607.848
2381,0607.849
2382,0607.850
2383,0607.851
2384,0607.854
2385,0607.855
2386,0607.856
2387,0607.857
2388,0607.858
2389,0607.860
2390,0607.861
2391,0607.875
2392,0607.880
2393,0607.881
2394,0607.884
2395,0607.885
2396,0607.89
2397,0607.900
2398,0607.901
2399,0607.902
2400,0607.910
2401,0607.911
2402,0607.912
2403,0607.913
2404,0607.914
2405,0607.915
2406,0607.916
2407,0607.917
2408,0607.918
2409,0607.919
2410,0607.920
2411,0607.921
2412,0607.922
2413,0607.923
2414,0607.924
2415,0607.925
2416,0607.926
2417,0607.927
2418,0607.928
2419,0607.93
2420,0607.931
2421,0607.932
2422,0607.935
2423,0607.936
2424,0607.937
2425,0607.938
2426,0607.94
2427,0607.965
2428,0607.966
2429,0607.967
2430,0607.968
2431,0607.971
2432,0607.982
2433,0607.983
2434,0607.987
2435,0607.988
2436,0607.989
2437,0607.99
2438,0607.993
2439,0607.999
2440,0608.100
2441,0608.101
2442,0608.1013
2443,0608.1018
2444,0608.1021
2445,0608.1028
2446,0608.1032
2447,0608.1033
2448,0608.1042
2449,0608.1045
2450,0608.1049
2451,0608.1055
2452,0608.1059
2453,0608.1060
2454,0608.1069
2455,0608.1071
2456,0608.1077
2457,0608.1089
2458,0608.1092
2459,0608.1093
2460,0608.1111
2461,0608.1112
2462,0608.1116
2463,0608.1123
2464,0608.1129
2465,0608.1130
2466,0608.1137
2467,0608.1142
2468,0608.1147
2469,0608.1148
2470,0608.1155
2471,0608.1156
2472,0608.1158
2473,0608.1159
2474,0608.1160
2475,0608.1168
2476,0608.1170
2477,0608.1175
2478,0608.1176
2479,0608.1177
2480,0608.1182
2481,0608.1184
2482,0608.1195
2483,0608.1202
2484,0608.1204
2485,0608.1211
2486,0608.1215
2487,0608.1217
2488,0608.1222
2489,0608.1223
2490,0608.1228
2491,0608.1229
2492,0608.123
2493,0608.1235
2494,0608.1236
2495,0608.124
2496,0608.1249
2497,0608.125
2498,0608.1250
2499,0608.1251
2500,0608.126
2501,0608.127
2502,0608.1271
2503,0608.1284
2504,0608.1289
2505,0608.1294
2506,0608.1301
2507,0608.1304
2508,0608.1305
2509,0608.1306
2510,0608.131
2511,0608.1310
2512,0608.1312
2513,0608.1314
2514,0608.1317
2515,0608.1318
2516,0608.132
2517,0608.1321
2518,0608.1322
2519,0608.1329
2520,0608.133
2521,0608.134
2522,0608.1346
2523,0608.135
2524,0608.1368
2525,0608.1375
2526,0608.1382
2527,0608.1397
2528,0608.1403
2529,0608.1409
2530,0608.1416
2531,0608.1421
2532,0608.1428
2533,0608.1432
2534,0608.1457
2535,0608.1460
2536,0608.1461
2537,0608.1470
2538,0608.1485
2539,0608.1552
2540,0608.171
2541,0608.172
2542,0608.173
2543,0608.174
2544,0608.177
2545,0608.178
2546,0608.179
2547,0608.180
2548,0608.184
2549,0608.191
2550,0608.203
2551,0608.204
2552,0608.205
2553,0608.206
2554,0608.209
2555,0608.210
2556,0608.211
2557,0608.217
2558,0608.219
2559,0608.220
2560,0608.221
2561,0608.222
2562,0608.225
2563,0608.226
2564,0608.24
2565,0608.245
2566,0608.25
2567,0608.254
2568,0608.256
2569,0608.257
2570,0608.259
2571,0608.26
2572,0608.260
2573,0608.261
2574,0608.262
2575,0608.263
2576,0608.264
2577,0608.265
2578,0608.266
2579,0608.267
2580,0608.268
2581,0608.269
2582,0608.274
2583,0608.275
2584,0608.276
2585,0608.277
2586,0608.28
2587,0608.282
2588,0608.283
2589,0608.291
2590,0608.297
2591,0608.298
2592,0608.299
2593,0608.30
2594,0608.300
2595,0608.301
2596,0608.302
2597,0608.303
2598,0608.304
2599,0608.306
2600,0608.307
2601,0608.31
2602,0608.310
2603,0608.311
2604,0608.314
2605,0608.319
2606,0608.32
2607,0608.320
2608,0608.33
2609,0608.334
2610,0608.337
2611,0608.350
2612,0608.351
2613,0608.352
2614,0608.353
2615,0608.354
2616,0608.363
2617,0608.366
2618,0608.373
2619,0608.374
2620,0608.392
2621,0608.393
2622,0608.394
2623,0608.395
2624,0608.396
2625,0608.398
2626,0608.399
2627,0608.400
2628,0608.401
2629,0608.402
2630,0608.403
2631,0608.404
2632,0608.418
2633,0608.42
2634,0608.422
2635,0608.426
2636,0608.427
2637,0608.428
2638,0608.429
2639,0608.43
2640,0608.430
2641,0608.431
2642,0608.432
2643,0608.433
2644,0608.434
2645,0608.435
2646,0608.436
2647,0608.437
2648,0608.438
2649,0608.439
2650,0608.445
2651,0608.45
2652,0608.457
2653,0608.458
2654,0608.459
2655,0608.460
2656,0608.463
2657,0608.465
2658,0608.466
2659,0608.48
2660,0608.485
2661,0608.49
2662,0608.492
2663,0608.494
2664,0608.495
2665,0608.497
2666,0608.498
2667,0608.499
2668,0608.500
2669,0608.501
2670,0608.504
2671,0608.505
2672,0608.510
2673,0608.532
2674,0608.533
2675,0608.534
2676,0608.535
2677,0608.536
2678,0608.537
2679,0608.538
2680,0608.539
2681,0608.541
2682,0608.542
2683,0608.543
2684,0608.544
2685,0608.545
2686,0608.562
2687,0608.563
2688,0608.564
2689,0608.565
2690,0608.569
2691,0608.57
2692,0608.570
2693,0608.573
2694,0608.585
2695,0608.586
2696,0608.587
2697,0608.59
2698,0608.591
2699,0608.593
2700,0608.601
2701,0608.603
2702,0608.604
2703,0608.61
2704,0608.610
2705,0608.611
2706,0608.612
2707,0608.615
2708,0608.616
2709,0608.629
2710,0608.63
2711,0608.630
2712,0608.634
2713,0608.635
2714,0608.636
2715,0608.637
2716,0608.638
2717,0608.639
2718,0608.64
2719,0608.640
2720,0608.642
2721,0608.644
2722,0608.645
2723,0608.646
2724,0608.647
2725,0608.65
2726,0608.664
2727,0608.668
2728,0608.669
2729,0608.670
2730,0608.671
2731,0608.679
2732,0608.680
2733,0608.688
2734,0608.689
2735,0608.690
2736,0608.691
2737,0608.692
2738,0608.695
2739,0608.696
2740,0608.70
2741,0608.703
2742,0608.704
2743,0608.705
2744,0608.708
2745,0608.71
2746,0608.713
2747,0608.717
2748,0608.731
2749,0608.732
2750,0608.733
2751,0608.734
2752,0608.735
2753,0608.736
2754,0608.747
2755,0608.748
2756,0608.750
2757,0608.751
2758,0608.752
2759,0608.753
2760,0608.754
2761,0608.755
2762,0608.756
2763,0608.757
2764,0608.758
2765,0608.782
2766,0608.784
2767,0608.787
2768,0608.794
2769,0608.795
2770,0608.797
2771,0608.798
2772,0608.799
2773,0608.801
2774,0608.802
2775,0608.803
2776,0608.804
2777,0608.805
2778,0608.814
2779,0608.815
2780,0608.816
2781,0608.828
2782,0608.829
2783,0608.831
2784,0608.832
2785,0608.833
2786,0608.834
2787,0608.835
2788,0608.836
2789,0608.837
2790,0608.838
2791,0608.839
2792,0608.848
2793,0608.854
2794,0608.858
2795,0608.865
2796,0608.866
2797,0608.867
2798,0608.868
2799,0608.869
2800,0608.878
2801,0608.89
2802,0608.90
2803,0608.906
2804,0608.91
2805,0608.911
2806,0608.913
2807,0608.914
2808,0608.916
2809,0608.917
2810,0608.918
2811,0608.919
2812,0608.92
2813,0608.920
2814,0608.93
2815,0608.94
2816,0608.944
2817,0608.946
2818,0608.947
2819,0608.948
2820,0608.949
2821,0608.95
2822,0608.950
2823,0608.951
2824,0608.952
2825,0608.953
2826,0608.955
2827,0608.956
2828,0608.96
2829,0608.964
2830,0608.97
2831,0608.970
2832,0608.971
2833,0608.98
2834,0608.985
2835,0608.989
2836,0608.99
2837,0609.1002
2838,0609.1003
2839,0609.1004
2840,0609.1005
2841,0609.1007
2842,0609.1008
2843,0609.1009
2844,0609.1010
2845,0609.1011
2846,0609.1013
2847,0609.1015
2848,0609.1023
2849,0609.1024
2850,0609.1025
2851,0609.1038
2852,0609.1039
2853,0609.1040
2854,0609.1041
2855,0609.1042
2856,0609.1043
2857,0609.1045
2858,0609.1046
2859,0609.1051
2860,0609.1052
2861,0609.1060
2862,0609.1061
2863,0609.1062
2864,0609.1063
2865,0609.1064
2866,0609.1065
2867,0609.1066
2868,0609.1067
2869,0609.1068
2870,0609.1069
2871,0609.107
2872,0609.1071
2873,0609.1076
2874,0609.1078
2875,0609.108
2876,0609.1080
2877,0609.1088
2878,0609.1089
2879,0609.109
2880,0609.11
2881,0609.110
2882,0609.1101
2883,0609.1103
2884,0609.1104
2885,0609.1107
2886,0609.1108
2887,0609.1109
2888,0609.111
2889,0609.1110
2890,0609.1111
2891,0609.1113
2892,0609.1118
2893,0609.1119
2894,0609.112
2895,0609.1120
2896,0609.1121
2897,0609.1126
2898,0609.1127
2899,0609.113
2900,0609.114
2901,0609.1144
2902,0609.1145
2903,0609.1146
2904,0609.1147
2905,0609.1148
2906,0609.1149
2907,0609.115
2908,0609.1156
2909,0609.116
2910,0609.1164
2911,0609.117
2912,0609.1171
2913,0609.1176
2914,0609.1180
2915,0609.1181
2916,0609.1185
2917,0609.119
2918,0609.1190
2919,0609.1199
2920,0609.120
2921,0609.1203
2922,0609.1206
2923,0609.1207
2924,0609.1208
2925,0609.121
2926,0609.1214
2927,0609.1215
2928,0609.124
2929,0609.1240
2930,0609.1247
2931,0609.1248
2932,0609.1249
2933,0609.125
2934,0609.1250
2935,0609.1251
2936,0609.1252
2937,0609.1253
2938,0609.1254
2939,0609.1255
2940,0609.1258
2941,0609.1259
2942,0609.126
2943,0609.1260
2944,0609.1261
2945,0609.1267
2946,0609.127
2947,0609.1270
2948,0609.1271
2949,0609.128
2950,0609.1285
2951,0609.1286
2952,0609.1287
2953,0609.1288
2954,0609.1289
2955,0609.1290
2956,0609.1291
2957,0609.1292
2958,0609.1293
2959,0609.1294
2960,0609.1296
2961,0609.1298
2962,0609.13
2963,0609.130
2964,0609.131
2965,0609.1311
2966,0609.1316
2967,0609.1318
2968,0609.1319
2969,0609.1320
2970,0609.1322
2971,0609.133
2972,0609.1345
2973,0609.1346
2974,0609.1347
2975,0609.1348
2976,0609.1354
2977,0609.1355
2978,0609.1356
2979,0609.1357
2980,0609.1358
2981,0609.1359
2982,0609.1360
2983,0609.1362
2984,0609.1363
2985,0609.1364
2986,0609.1365
2987,0609.1366
2988,0609.1367
2989,0609.1369
2990,0609.1377
2991,0609.1379
2992,0609.1380
2993,0609.1381
2994,0609.1382
2995,0609.1397
2996,0609.1398
2997,0609.1399
2998,0609.1400
2999,0609.1401
3000,0609.1402
3001,0609.1403
3002,0609.1404
3003,0609.1405
3004,0609.1406
3005,0609.1407
3006,0609.1408
3007,0609.1409
3008,0609.1427
3009,0609.1428
3010,0609.1430
3011,0609.1431
3012,0609.1432
3013,0609.1437
3014,0609.1438
3015,0609.1439
3016,0609.1440
3017,0609.1464
3018,0609.1466
3019,0609.1467
3020,0609.1468
3021,0609.1469
3022,0609.1470
3023,0609.1480
3024,0609.1481
3025,0609.1482
3026,0609.1483
3027,0609.1484
3028,0609.1485
3029,0609.1486
3030,0609.1487
3031,0609.1488
3032,0609.1489
3033,0609.1490
3034,0609.1492
3035,0609.1503
3036,0609.1506
3037,0609.1507
3038,0609.1514
3039,0609.1523
3040,0609.1531
3041,0609.1534
3042,0609.1535
3043,0609.1536
3044,0609.154
3045,0609.155
3046,0609.1554
3047,0609.1555
3048,0609.1556
3049,0609.1557
3050,0609.156
3051,0609.1574
3052,0609.1578
3053,0609.1579
3054,0609.158
3055,0609.1580
3056,0609.1583
3057,0609.1584
3058,0609.1585
3059,0609.1586
3060,0609.1587
3061,0609.1588
3062,0609.1589
3063,0609.1592
3064,0609.160
3065,0609.1601
3066,0609.1602
3067,0609.1603
3068,0609.1604
3069,0609.1605
3070,0609.1606
3071,0609.1608
3072,0609.1609
3073,0609.161
3074,0609.1610
3075,0609.1620
3076,0609.1621
3077,0609.1622
3078,0609.1623
3079,0609.1624
3080,0609.1628
3081,0609.1630
3082,0609.1631
3083,0609.1640
3084,0609.1641
3085,0609.1643
3086,0609.1648
3087,0609.1649
3088,0609.1656
3089,0609.1657
3090,0609.166
3091,0609.1671
3092,0609.1672
3093,0609.1673
3094,0609.1674
3095,0609.1675
3096,0609.1694
3097,0609.1695
3098,0609.1696
3099,0609.170
3100,0609.1707
3101,0609.1712
3102,0609.1717
3103,0609.1718
3104,0609.1719
3105,0609.172
3106,0609.1720
3107,0609.1721
3108,0609.1722
3109,0609.173
3110,0609.1734
3111,0609.1739
3112,0609.174
3113,0609.1740
3114,0609.1742
3115,0609.1744
3116,0609.175
3117,0609.1751
3118,0609.1753
3119,0609.1756
3120,0609.176
3121,0609.1763
3122,0609.1764
3123,0609.1765
3124,0609.177
3125,0609.1772
3126,0609.1785
3127,0609.1786
3128,0609.1787
3129,0609.1797
3130,0609.1798
3131,0609.1799
3132,0609.1800
3133,0609.1801
3134,0609.1802
3135,0609.1808
3136,0609.182
3137,0609.1820
3138,0609.1821
3139,0609.1822
3140,0609.1823
3141,0609.1833
3142,0609.1834
3143,0609.1836
3144,0609.1837
3145,0609.1838
3146,0609.1839
3147,0609.1840
3148,0609.1841
3149,0609.1842
3150,0609.1846
3151,0609.1860
3152,0609.1868
3153,0609.1869
3154,0609.1871
3155,0609.1872
3156,0609.1873
3157,0609.1874
3158,0609.1875
3159,0609.1876
3160,0609.1887
3161,0609.1888
3162,0609.1889
3163,0609.1891
3164,0609.1892
3165,0609.1893
3166,0609.1896
3167,0609.1897
3168,0609.1898
3169,0609.1899
3170,0609.1900
3171,0609.1901
3172,0609.1930
3173,0609.1935
3174,0609.1936
3175,0609.194
3176,0609.1943
3177,0609.1944
3178,0609.1946
3179,0609.1947
3180,0609.1949
3181,0609.195
3182,0609.1950
3183,0609.1951
3184,0609.1962
3185,0609.1968
3186,0609.1972
3187,0609.1974
3188,0609.1975
3189,0609.1998
3190,0609.1999
3191,0609.2
3192,0609.2000
3193,0609.2001
3194,0609.2002
3195,0609.2012
3196,0609.2013
3197,0609.2014
3198,0609.2018
3199,0609.2022
3200,0609.2023
3201,0609.2030
3202,0609.2031
3203,0609.2037
3204,0609.2039
3205,0609.2040
3206,0609.2047
3207,0609.205
3208,0609.2053
3209,0609.206
3210,0609.207
3211,0609.208
3212,0609.209
3213,0609.210
3214,0609.211
3215,0609.2113
3216,0609.2114
3217,0609.2115
3218,0609.2117
3219,0609.2118
3220,0609.2119
3221,0609.212
3222,0609.2121
3223,0609.2122
3224,0609.2123
3225,0609.2124
3226,0609.213
3227,0609.214
3228,0609.2140
3229,0609.2142
3230,0609.2148
3231,0609.216
3232,0609.2167
3233,0609.217
3234,0609.2175
3235,0609.218
3236,0609.2207
3237,0609.2218
3238,0609.222
3239,0609.2250
3240,0609.2256
3241,0609.2259
3242,0609.2260
3243,0609.2267
3244,0609.2270
3245,0609.2272
3246,0609.2275
3247,0609.2276
3248,0609.2277
3249,0609.2287
3250,0609.2308
3251,0609.2313
3252,0609.2314
3253,0609.2317
3254,0609.2318
3255,0609.2319
3256,0609.2321
3257,0609.2322
3258,0609.2323
3259,0609.2324
3260,0609.2326
3261,0609.2327
3262,0609.2328
3263,0609.2333
3264,0609.2336
3265,0609.2337
3266,0609.2338
3267,0609.2339
3268,0609.2340
3269,0609.2341
3270,0609.2342
3271,0609.2343
3272,0609.2344
3273,0609.2345
3274,0609.235
3275,0609.2363
3276,0609.2364
3277,0609.2368
3278,0609.2369
3279,0609.2370
3280,0609.2371
3281,0609.2372
3282,0609.2375
3283,0609.2376
3284,0609.2390
3285,0609.2396
3286,0609.24
3287,0609.2416
3288,0609.242
3289,0609.243
3290,0609.2433
3291,0609.2434
3292,0609.2436
3293,0609.2437
3294,0609.2439
3295,0609.244
3296,0609.2440
3297,0609.245
3298,0609.2450
3299,0609.2451
3300,0609.2452
3301,0609.246
3302,0609.2462
3303,0609.2464
3304,0609.2465
3305,0609.2468
3306,0609.2470
3307,0609.2471
3308,0609.2473
3309,0609.2474
3310,0609.2483
3311,0609.2484
3312,0609.2485
3313,0609.2486
3314,0609.2489
3315,0609.25
3316,0609.2506
3317,0609.2508
3318,0609.2509
3319,0609.251
3320,0609.2513
3321,0609.2515
3322,0609.2519
3323,0609.252
3324,0609.2521
3325,0609.2522
3326,0609.2523
3327,0609.2527
3328,0609.253
3329,0609.2533
3330,0609.2536
3331,0609.254
3332,0609.2541
3333,0609.2545
3334,0609.2551
3335,0609.2558
3336,0609.2563
3337,0609.2568
3338,0609.2576
3339,0609.2577
3340,0609.2578
3341,0609.2579
3342,0609.2581
3343,0609.2596
3344,0609.2597
3345,0609.2598
3346,0609.26
3347,0609.2600
3348,0609.2601
3349,0609.2603
3350,0609.2604
3351,0609.2620
3352,0609.2621
3353,0609.2623
3354,0609.2624
3355,0609.2626
3356,0609.2627
3357,0609.2629
3358,0609.2631
3359,0609.2632
3360,0609.2633
3361,0609.2644
3362,0609.2650
3363,0609.2651
3364,0609.2654
3365,0609.2655
3366,0609.2661
3367,0609.2697
3368,0609.2698
3369,0609.2699
3370,0609.27
3371,0609.2700
3372,0609.2702
3373,0609.2706
3374,0609.2707
3375,0609.2708
3376,0609.272
3377,0609.2728
3378,0609.273
3379,0609.2730
3380,0609.2733
3381,0609.2736
3382,0609.2744
3383,0609.2749
3384,0609.275
3385,0609.2750
3386,0609.2757
3387,0609.2758
3388,0609.2759
3389,0609.2760
3390,0609.2761
3391,0609.2762
3392,0609.2763
3393,0609.2765
3394,0609.2766
3395,0609.2767
3396,0609.2768
3397,0609.2771
3398,0609.2778
3399,0609.278
3400,0609.2788
3401,0609.2789
3402,0609.2790
3403,0609.2791
3404,0609.2792
3405,0609.2793
3406,0609.2794
3407,0609.2796
3408,0609.2798
3409,0609.2799
3410,0609.28
3411,0609.2800
3412,0609.2804
3413,0609.2805
3414,0609.2806
3415,0609.2807
3416,0609.2820
3417,0609.2821
3418,0609.2822
3419,0609.2823
3420,0609.2824
3421,0609.2825
3422,0609.2828
3423,0609.2829
3424,0609.2830
3425,0609.2842
3426,0609.2848
3427,0609.2850
3428,0609.2851
3429,0609.2855
3430,0609.2857
3431,0609.2859
3432,0609.2860
3433,0609.2861
3434,0609.2873
3435,0609.2874
3436,0609.2875
3437,0609.2876
3438,0609.2877
3439,0609.2878
3440,0609.288
3441,0609.2880
3442,0609.2881
3443,0609.2883
3444,0609.2884
3445,0609.2885
3446,0609.2886
3447,0609.2907
3448,0609.296
3449,0609.2962
3450,0609.2963
3451,0609.297
3452,0609.2972
3453,0609.2973
3454,0609.2974
3455,0609.2975
3456,0609.2977
3457,0609.2979
3458,0609.2980
3459,0609.2983
3460,0609.2984
3461,0609.2985
3462,0609.2986
3463,0609.3
3464,0609.30
3465,0609.3001
3466,0609.3011
3467,0609.3012
3468,0609.3013
3469,0609.3015
3470,0609.3016
3471,0609.3017
3472,0609.3018
3473,0609.302
3474,0609.3025
3475,0609.3026
3476,0609.3028
3477,0609.303
3478,0609.3041
3479,0609.3043
3480,0609.3044
3481,0609.3045
3482,0609.3048
3483,0609.3050
3484,0609.3060
3485,0609.3061
3486,0609.3063
3487,0609.3064
3488,0609.3065
3489,0609.307
3490,0609.3074
3491,0609.3077
3492,0609.3082
3493,0609.3085
3494,0609.3089
3495,0609.309
3496,0609.3091
3497,0609.3094
3498,0609.31
3499,0609.311
3500,0609.3118
3501,0609.3121
3502,0609.3123
3503,0609.3125
3504,0609.3127
3505,0609.3128
3506,0609.3132
3507,0609.3133
3508,0609.314
3509,0609.3142
3510,0609.3144
3511,0609.3145
3512,0609.3146
3513,0609.315
3514,0609.3151
3515,0609.3152
3516,0609.3153
3517,0609.3154
3518,0609.3165
3519,0609.3166
3520,0609.3181
3521,0609.3182
3522,0609.3183
3523,0609.3185
3524,0609.3186
3525,0609.3191
3526,0609.3192
3527,0609.3198
3528,0609.3199
3529,0609.3208
3530,0609.3209
3531,0609.3216
3532,0609.3217
3533,0609.3219
3534,0609.322
3535,0609.3222
3536,0609.323
3537,0609.3235
3538,0609.3237
3539,0609.3239
3540,0609.324
3541,0609.3240
3542,0609.3241
3543,0609.3242
3544,0609.3258
3545,0609.326
3546,0609.3266
3547,0609.3268
3548,0609.327
3549,0609.3271
3550,0609.3277
3551,0609.328
3552,0609.3284
3553,0609.3288
3554,0609.3292
3555,0609.3297
3556,0609.3299
3557,0609.3300
3558,0609.3301
3559,0609.3302
3560,0609.3303
3561,0609.3304
3562,0609.3315
3563,0609.3317
3564,0609.3318
3565,0609.3319
3566,0609.3323
3567,0609.3324
3568,0609.3333
3569,0609.3334
3570,0609.3335
3571,0609.3338
3572,0609.3339
3573,0609.3340
3574,0609.3341
3575,0609.3342
3576,0609.3349
3577,0609.3350
3578,0609.3351
3579,0609.3354
3580,0609.3364
3581,0609.337
3582,0609.3376
3583,0609.3379
3584,0609.338
3585,0609.3381
3586,0609.3382
3587,0609.3384
3588,0609.340
3589,0609.341
3590,0609.342
3591,0609.3420
3592,0609.3422
3593,0609.3423
3594,0609.343
3595,0609.3431
3596,0609.3434
3597,0609.3437
3598,0609.3439
3599,0609.344
3600,0609.3445
3601,0609.3449
3602,0609.345
3603,0609.3450
3604,0609.3451
3605,0609.3452
3606,0609.3453
3607,0609.3454
3608,0609.3455
3609,0609.3456
3610,0609.3457
3611,0609.3459
3612,0609.3462
3613,0609.347
3614,0609.3471
3615,0609.348
3616,0609.3485
3617,0609.3486
3618,0609.3499
3619,0609.350
3620,0609.351
3621,0609.3515
3622,0609.3516
3623,0609.3518
3624,0609.3519
3625,0609.3520
3626,0609.3522
3627,0609.3523
3628,0609.3524
3629,0609.3526
3630,0609.3533
3631,0609.3534
3632,0609.3539
3633,0609.3567
3634,0609.3577
3635,0609.3579
3636,0609.3589
3637,0609.3591
3638,0609.3593
3639,0609.3595
3640,0609.3605
3641,0609.3606
3642,0609.3607
3643,0609.3608
3644,0609.3609
3645,0609.3620
3646,0609.3621
3647,0609.3623
3648,0609.3624
3649,0609.3626
3650,0609.3631
3651,0609.3632
3652,0609.364
3653,0609.3647
3654,0609.3648
3655,0609.3649
3656,0609.3674
3657,0609.3675
3658,0609.3685
3659,0609.3687
3660,0609.3688
3661,0609.3689
3662,0609.3691
3663,0609.3692
3664,0609.3703
3665,0609.3704
3666,0609.3705
3667,0609.3706
3668,0609.372
3669,0609.3743
3670,0609.3745
3671,0609.3746
3672,0609.3747
3673,0609.3748
3674,0609.3749
3675,0609.3750
3676,0609.3751
3677,0609.3766
3678,0609.3767
3679,0609.3768
3680,0609.3769
3681,0609.3781
3682,0609.3808
3683,0609.3809
3684,0609.3811
3685,0609.3813
3686,0609.3814
3687,0609.3817
3688,0609.3829
3689,0609.3830
3690,0609.3834
3691,0609.3840
3692,0609.3841
3693,0609.3842
3694,0609.3859
3695,0609.3869
3696,0609.3870
3697,0609.3871
3698,0609.3877
3699,0609.388
3700,0609.3881
3701,0609.3884
3702,0609.3885
3703,0609.3889
3704,0609.3890
3705,0609.3891
3706,0609.3898
3707,0609.3899
3708,0609.3902
3709,0609.3903
3710,0609.3914
3711,0609.392
3712,0609.3922
3713,0609.3923
3714,0609.3926
3715,0609.3927
3716,0609.3928
3717,0609.393
3718,0609.3939
3719,0609.3940
3720,0609.3941
3721,0609.3954
3722,0609.3967
3723,0609.397
3724,0609.3972
3725,0609.3973
3726,0609.398
3727,0609.3984
3728,0609.3991
3729,0609.3997
3730,0609.4
3731,0609.400
3732,0609.4000
3733,0609.4002
3734,0609.4006
3735,0609.4012
3736,0609.4015
3737,0609.4019
3738,0609.4022
3739,0609.4023
3740,0609.4024
3741,0609.4032
3742,0609.4033
3743,0609.4034
3744,0609.4045
3745,0609.4050
3746,0609.4057
3747,0609.4058
3748,0609.4059
3749,0609.4066
3750,0609.4067
3751,0609.4069
3752,0609.4070
3753,0609.4071
3754,0609.4078
3755,0609.4079
3756,0609.408
3757,0609.4081
3758,0609.4085
3759,0609.4087
3760,0609.409
3761,0609.4097
3762,0609.4099
3763,0609.410
3764,0609.4108
3765,0609.4109
3766,0609.4110
3767,0609.4114
3768,0609.412
3769,0609.4124
3770,0609.413
3771,0609.4130
3772,0609.4139
3773,0609.414
3774,0609.4149
3775,0609.415
3776,0609.4151
3777,0609.4153
3778,0609.4191
3779,0609.4192
3780,0609.4197
3781,0609.4198
3782,0609.4202
3783,0609.4205
3784,0609.4220
3785,0609.4227
3786,0609.4245
3787,0609.4251
3788,0609.4258
3789,0609.4261
3790,0609.4276
3791,0609.4309
3792,0609.432
3793,0609.4322
3794,0609.435
3795,0609.4353
3796,0609.436
3797,0609.4365
3798,0609.4369
3799,0609.437
3800,0609.4374
3801,0609.438
3802,0609.4381
3803,0609.439
3804,0609.4397
3805,0609.4405
3806,0609.4408
3807,0609.4410
3808,0609.4411
3809,0609.4416
3810,0609.4419
3811,0609.443
3812,0609.4430
3813,0609.4431
3814,0609.444
3815,0609.4447
3816,0609.445
3817,0609.4457
3818,0609.446
3819,0609.4467
3820,0609.4500
3821,0609.4510
3822,0609.4522
3823,0609.4526
3824,0609.4536
3825,0609.4543
3826,0609.4604
3827,0609.4672
3828,0609.49
3829,0609.492
3830,0609.494
3831,0609.496
3832,0609.497
3833,0609.5
3834,0609.50
3835,0609.530
3836,0609.531
3837,0609.532
3838,0609.533
3839,0609.536
3840,0609.537
3841,0609.538
3842,0609.539
3843,0609.540
3844,0609.541
3845,0609.542
3846,0609.543
3847,0609.561
3848,0609.564
3849,0609.565
3850,0609.566
3851,0609.567
3852,0609.568
3853,0609.569
3854,0609.570
3855,0609.571
3856,0609.572
3857,0609.573
3858,0609.688
3859,0609.689
3860,0609.690
3861,0609.691
3862,0609.692
3863,0609.694
3864,0609.695
3865,0609.697
3866,0609.698
3867,0609.699
3868,0609.7
3869,0609.712
3870,0609.716
3871,0609.720
3872,0609.721
3873,0609.728
3874,0609.729
3875,0609.730
3876,0609.731
3877,0609.732
3878,0609.733
3879,0609.744
3880,0609.745
3881,0609.746
3882,0609.747
3883,0609.748
3884,0609.750
3885,0609.751
3886,0609.758
3887,0609.759
3888,0609.760
3889,0609.761
3890,0609.762
3891,0609.763
3892,0609.767
3893,0609.769
3894,0609.770
3895,0609.771
3896,0609.786
3897,0609.79
3898,0609.790
3899,0609.792
3900,0609.796
3901,0609.797
3902,0609.8
3903,0609.804
3904,0609.807
3905,0609.808
3906,0609.809
3907,0609.810
3908,0609.811
3909,0609.813
3910,0609.814
3911,0609.816
3912,0609.818
3913,0609.819
3914,0609.830
3915,0609.841
3916,0609.842
3917,0609.843
3918,0609.860
3919,0609.862
3920,0609.872
3921,0609.875
3922,0609.876
3923,0609.879
3924,0609.885
3925,0609.886
3926,0609.9
3927,0609.905
3928,0609.907
3929,0609.909
3930,0609.910
3931,0609.920
3932,0609.921
3933,0609.922
3934,0609.925
3935,0609.928
3936,0609.929
3937,0609.930
3938,0609.931
3939,0609.932
3940,0609.934
3941,0609.935
3942,0609.945
3943,0609.946
3944,0609.947
3945,0609.948
3946,0609.949
3947,0609.950
3948,0609.951
3949,0609.955
3950,0609.956
3951,0609.957
3952,0609.958
3953,0609.959
3954,0609.962
3955,0609.963
3956,0609.964
3957,0609.965
3958,0609.980
3959,0609.981
3960,0609.984
3961,0609.986
3962,0609.988
3963,0609.989
3964,0609.992
3965,0609.994
3966,0609.995
3967,0610.1
3968,0610.100
3969,0610.1000
3970,0610.1003
3971,0610.10040
3972,0610.10078
3973,0610.10087
3974,0610.10088
3975,0610.10135
3976,0610.10148
3977,0610.10178
3978,0610.10188
3979,0610.10195
3980,0610.1022
3981,0610.10227
3982,0610.10269
3983,0610.1032
3984,0610.10331
3985,0610.1034
3986,0610.10344
3987,0610.10353
3988,0610.10381
3989,0610.104
3990,0610.10406
3991,0610.10410
3992,0610.10419
3993,0610.1044
3994,0610.105
3995,0610.1051
3996,0610.1052
3997,0610.1053
3998,0610.10530
3999,0610.1054
4000,0610.10547
4001,0610.106
4002,0610.10612
4003,0610.10628
4004,0610.1063
4005,0610.10638
4006,0610.1066
4007,0610.10663
4008,0610.1069
4009,0610.1070
4010,0610.10727
4011,0610.10765
4012,0610.1077
4013,0610.1081
4014,0610.1082
4015,0610.10847
4016,0610.1085
4017,0610.10863
4018,0610.10883
4019,0610.111
4020,0610.1150
4021,0610.1155
4022,0610.1168
4023,0610.117
4024,0610.1170
4025,0610.1180
4026,0610.1181
4027,0610.1191
4028,0610.1193
4029,0610.1195
4030,0610.1196
4031,0610.1197
4032,0610.1200
4033,0610.1201
4034,0610.1214
4035,0610.1215
4036,0610.1218
4037,0610.1219
4038,0610.1226
4039,0610.1227
4040,0610.1228
4041,0610.1229
4042,0610.1230
4043,0610.1234
4044,0610.1235
4045,0610.1237
4046,0610.1238
4047,0610.1259
4048,0610.126
4049,0610.1267
4050,0610.127
4051,0610.1273
4052,0610.128
4053,0610.1286
4054,0610.129
4055,0610.1292
4056,0610.1293
4057,0610.1294
4058,0610.1295
4059,0610.1296
4060,0610.1297
4061,0610.130
4062,0610.1302
4063,0610.1308
4064,0610.131
4065,0610.1312
4066,0610.135
4067,0610.1355
4068,0610.1356
4069,0610.1357
4070,0610.1358
4071,0610.1365
4072,0610.1366
4073,0610.1367
4074,0610.1368
4075,0610.1369
4076,0610.1370
4077,0610.1391
4078,0610.1398
4079,0610.14
4080,0610.1406
4081,0610.1412
4082,0610.1414
4083,0610.1415
4084,0610.1418
4085,0610.1419
4086,0610.1420
4087,0610.1421
4088,0610.1430
4089,0610.1431
4090,0610.1432
4091,0610.1438
4092,0610.1439
4093,0610.1441
4094,0610.1442
4095,0610.1443
4096,0610.1444
4097,0610.1447
4098,0610.1448
4099,0610.1449
4100,0610.146
4101,0610.1462
4102,0610.1481
4103,0610.1496
4104,0610.1497
4105,0610.1500
4106,0610.1503
4107,0610.1504
4108,0610.1528
4109,0610.1529
4110,0610.1543
4111,0610.1546
4112,0610.1547
4113,0610.1548
4114,0610.1549
4115,0610.155
4116,0610.1572
4117,0610.1574
4118,0610.1581
4119,0610.1584
4120,0610.1585
4121,0610.16
4122,0610.1609
4123,0610.1614
4124,0610.1615
4125,0610.1616
4126,0610.1617
4127,0610.1618
4128,0610.162
4129,0610.1620
4130,0610.1623
4131,0610.1624
4132,0610.1625
4133,0610.1626
4134,0610.1628
4135,0610.1636
4136,0610.1638
4137,0610.165
4138,0610.1657
4139,0610.1658
4140,0610.1659
4141,0610.1660
4142,0610.1661
4143,0610.167
4144,0610.1678
4145,0610.1679
4146,0610.168
4147,0610.1694
4148,0610.1695
4149,0610.1696
4150,0610.1698
4151,0610.1699
4152,0610.17
4153,0610.1700
4154,0610.1702
4155,0610.1703
4156,0610.1704
4157,0610.1706
4158,0610.1712
4159,0610.1715
4160,0610.172
4161,0610.1733
4162,0610.1736
4163,0610.1737
4164,0610.1741
4165,0610.1742
4166,0610.1743
4167,0610.1745
4168,0610.1771
4169,0610.1772
4170,0610.1773
4171,0610.1774
4172,0610.1780
4173,0610.1782
4174,0610.1783
4175,0610.1786
4176,0610.179
4177,0610.18
4178,0610.180
4179,0610.1802
4180,0610.1805
4181,0610.1807
4182,0610.1808
4183,0610.1809
4184,0610.181
4185,0610.1810
4186,0610.1811
4187,0610.1812
4188,0610.182
4189,0610.1824
4190,0610.1826
4191,0610.1827
4192,0610.183
4193,0610.1832
4194,0610.1840
4195,0610.1841
4196,0610.1842
4197,0610.1843
4198,0610.1844
4199,0610.1845
4200,0610.1846
4201,0610.1850
4202,0610.1857
4203,0610.1858
4204,0610.1859
4205,0610.186
4206,0610.1860
4207,0610.1861
4208,0610.1862
4209,0610.189
4210,0610.1899
4211,0610.19
4212,0610.190
4213,0610.1902
4214,0610.1905
4215,0610.1925
4216,0610.1926
4217,0610.1927
4218,0610.1930
4219,0610.2
4220,0610.2034
4221,0610.2035
4222,0610.2036
4223,0610.2037
4224,0610.2038
4225,0610.2039
4226,0610.2041
4227,0610.2043
4228,0610.2047
4229,0610.2049
4230,0610.206
4231,0610.2062
4232,0610.2063
4233,0610.2064
4234,0610.2067
4235,0610.207
4236,0610.2079
4237,0610.2080
4238,0610.2081
4239,0610.2097
4240,0610.2102
4241,0610.2103
4242,0610.2105
4243,0610.214
4244,0610.2146
4245,0610.2147
4246,0610.2150
4247,0610.2152
4248,0610.2157
4249,0610.2158
4250,0610.2159
4251,0610.216
4252,0610.2160
4253,0610.2173
4254,0610.2176
4255,0610.2182
4256,0610.2183
4257,0610.2187
4258,0610.2188
4259,0610.2195
4260,0610.2196
4261,0610.2197
4262,0610.2203
4263,0610.2213
4264,0610.2214
4265,0610.2216
4266,0610.2221
4267,0610.2224
4268,0610.2225
4269,0610.2226
4270,0610.2232
4271,0610.2233
4272,0610.2234
4273,0610.2252
4274,0610.2253
4275,0610.2255
4276,0610.2261
4277,0610.2262
4278,0610.2271
4279,0610.2272
4280,0610.2273
4281,0610.2280
4282,0610.2281
4283,0610.2283
4284,0610.2284
4285,0610.2286
4286,0610.2287
4287,0610.2288
4288,0610.2298
4289,0610.2301
4290,0610.2310
4291,0610.2327
4292,0610.2328
4293,0610.2329
4294,0610.2330
4295,0610.2332
4296,0610.2333
4297,0610.2343
4298,0610.2346
4299,0610.2349
4300,0610.2353
4301,0610.2362
4302,0610.2365
4303,0610.2366
4304,0610.2367
4305,0610.2368
4306,0610.2374
4307,0610.2376
4308,0610.2378
4309,0610.2400
4310,0610.2403
4311,0610.2418
4312,0610.2419
4313,0610.2421
4314,0610.2424
4315,0610.2425
4316,0610.2430
4317,0610.2443
4318,0610.2444
4319,0610.2445
4320,0610.2446
4321,0610.2448
4322,0610.2450
4323,0610.2451
4324,0610.2452
4325,0610.2453
4326,0610.2454
4327,0610.2456
4328,0610.2457
4329,0610.2458
4330,0610.246
4331,0610.2469
4332,0610.2475
4333,0610.2480
4334,0610.2486
4335,0610.2487
4336,0610.2488
4337,0610.2489
4338,0610.2492
4339,0610.2504
4340,0610.2505
4341,0610.2516
4342,0610.2517
4343,0610.2519
4344,0610.2520
4345,0610.253
4346,0610.2532
4347,0610.2536
4348,0610.2537
4349,0610.2538
4350,0610.254
4351,0610.2544
4352,0610.2547
4353,0610.2548
4354,0610.2549
4355,0610.2561
4356,0610.2566
4357,0610.2582
4358,0610.2583
4359,0610.259
4360,0610.260
4361,0610.2603
4362,0610.2611
4363,0610.2615
4364,0610.2616
4365,0610.2623
4366,0610.2625
4367,0610.2626
4368,0610.2631
4369,0610.2633
4370,0610.2654
4371,0610.2655
4372,0610.2656
4373,0610.2657
4374,0610.2658
4375,0610.2659
4376,0610.2660
4377,0610.2661
4378,0610.2664
4379,0610.2667
4380,0610.2672
4381,0610.2695
4382,0610.2697
4383,0610.2698
4384,0610.27
4385,0610.2708
4386,0610.2715
4387,0610.2716
4388,0610.2717
4389,0610.2718
4390,0610.2725
4391,0610.2730
4392,0610.2731
4393,0610.2732
4394,0610.2733
4395,0610.2734
4396,0610.2735
4397,0610.2736
4398,0610.2746
4399,0610.2748
4400,0610.2749
4401,0610.2750
4402,0610.2751
4403,0610.2752
4404,0610.2753
4405,0610.2754
4406,0610.2755
4407,0610.2756
4408,0610.2757
4409,0610.2774
4410,0610.2780
4411,0610.2782
4412,0610.2784
4413,0610.2787
4414,0610.2798
4415,0610.2799
4416,0610.2800
4417,0610.2802
4418,0610.2804
4419,0610.2812
4420,0610.2816
4421,0610.2819
4422,0610.2829
4423,0610.2836
4424,0610.2837
4425,0610.2838
4426,0610.2840
4427,0610.2842
4428,0610.2853
4429,0610.2855
4430,0610.2870
4431,0610.2871
4432,0610.2877
4433,0610.2879
4434,0610.2890
4435,0610.2892
4436,0610.2893
4437,0610.2894
4438,0610.2899
4439,0610.2900
4440,0610.2901
4441,0610.2902
4442,0610.2903
4443,0610.2904
4444,0610.2905
4445,0610.2906
4446,0610.2910
4447,0610.2936
4448,0610.2938
4449,0610.2939
4450,0610.2942
4451,0610.2943
4452,0610.2944
4453,0610.2957
4454,0610.2961
4455,0610.2962
4456,0610.2974
4457,0610.2979
4458,0610.2982
4459,0610.299
4460,0610.2993
4461,0610.2994
4462,0610.2995
4463,0610.2997
4464,0610.3000
4465,0610.3026
4466,0610.303
4467,0610.3030
4468,0610.305
4469,0610.3052
4470,0610.3059
4471,0610.306
4472,0610.3068
4473,0610.307
4474,0610.3072
4475,0610.3073
4476,0610.3091
4477,0610.3093
4478,0610.31
4479,0610.3100
4480,0610.3101
4481,0610.3103
4482,0610.3104
4483,0610.3107
4484,0610.3117
4485,0610.3119
4486,0610.3123
4487,0610.3124
4488,0610.3133
4489,0610.3134
4490,0610.3135
4491,0610.3138
4492,0610.3143
4493,0610.3144
4494,0610.3145
4495,0610.3146
4496,0610.3147
4497,0610.3148
4498,0610.3149
4499,0610.315
4500,0610.318
4501,0610.3184
4502,0610.3186
4503,0610.3187
4504,0610.3192
4505,0610.3200
4506,0610.3213
4507,0610.3214
4508,0610.3215
4509,0610.3217
4510,0610.3218
4511,0610.3224
4512,0610.3225
4513,0610.3226
4514,0610.3237
4515,0610.3239
4516,0610.3240
4517,0610.3271
4518,0610.3274
4519,0610.3275
4520,0610.3276
4521,0610.3277
4522,0610.3279
4523,0610.3280
4524,0610.3295
4525,0610.3296
4526,0610.3297
4527,0610.3298
4528,0610.3299
4529,0610.330
4530,0610.3300
4531,0610.3302
4532,0610.3303
4533,0610.3304
4534,0610.3306
4535,0610.3307
4536,0610.3308
4537,0610.331
4538,0610.3329
4539,0610.333
4540,0610.3330
4541,0610.3333
4542,0610.334
4543,0610.3342
4544,0610.3345
4545,0610.3348
4546,0610.3349
4547,0610.3352
4548,0610.3353
4549,0610.3362
4550,0610.3363
4551,0610.3364
4552,0610.3365
4553,0610.3384
4554,0610.3387
4555,0610.3390
4556,0610.3391
4557,0610.3393
4558,0610.3397
4559,0610.3423
4560,0610.3425
4561,0610.3426
4562,0610.3427
4563,0610.3428
4564,0610.3430
4565,0610.3436
4566,0610.3440
4567,0610.3441
4568,0610.3442
4569,0610.3443
4570,0610.3446
4571,0610.3447
4572,0610.345
4573,0610.3459
4574,0610.346
4575,0610.3460
4576,0610.3463
4577,0610.3467
4578,0610.347
4579,0610.3474
4580,0610.3475
4581,0610.3480
4582,0610.3481
4583,0610.3483
4584,0610.3484
4585,0610.3485
4586,0610.3495
4587,0610.3497
4588,0610.3498
4589,0610.3508
4590,0610.3509
4591,0610.3515
4592,0610.3517
4593,0610.3524
4594,0610.3526
4595,0610.3534
4596,0610.3535
4597,0610.3536
4598,0610.3537
4599,0610.3557
4600,0610.3565
4601,0610.3568
4602,0610.3569
4603,0610.3571
4604,0610.3572
4605,0610.3573
4606,0610.3574
4607,0610.3583
4608,0610.3585
4609,0610.3587
4610,0610.3588
4611,0610.3589
4612,0610.3598
4613,0610.3599
4614,0610.360
4615,0610.3611
4616,0610.3612
4617,0610.3613
4618,0610.3614
4619,0610.3615
4620,0610.3616
4621,0610.3617
4622,0610.3618
4623,0610.3620
4624,0610.3621
4625,0610.3622
4626,0610.3623
4627,0610.3624
4628,0610.3646
4629,0610.3647
4630,0610.365
4631,0610.3656
4632,0610.3657
4633,0610.3659
4634,0610.366
4635,0610.3662
4636,0610.3663
4637,0610.367
4638,0610.3673
4639,0610.3677
4640,0610.3679
4641,0610.3681
4642,0610.3682
4643,0610.3683
4644,0610.3687
4645,0610.370
4646,0610.3708
4647,0610.3709
4648,0610.3710
4649,0610.3711
4650,0610.3712
4651,0610.3714
4652,0610.3715
4653,0610.3716
4654,0610.3717
4655,0610.3719
4656,0610.3730
4657,0610.3732
4658,0610.3733
4659,0610.3735
4660,0610.3742
4661,0610.3743
4662,0610.375
4663,0610.3756
4664,0610.3758
4665,0610.3759
4666,0610.3760
4667,0610.3774
4668,0610.3775
4669,0610.3777
4670,0610.3778
4671,0610.3780
4672,0610.3782
4673,0610.3783
4674,0610.3784
4675,0610.3786
4676,0610.3797
4677,0610.3798
4678,0610.3803
4679,0610.3836
4680,0610.3837
4681,0610.3838
4682,0610.3841
4683,0610.3844
4684,0610.3845
4685,0610.3846
4686,0610.3853
4687,0610.3854
4688,0610.3855
4689,0610.3858
4690,0610.3859
4691,0610.3871
4692,0610.3874
4693,0610.3875
4694,0610.3876
4695,0610.3877
4696,0610.3878
4697,0610.3882
4698,0610.3883
4699,0610.3884
4700,0610.3905
4701,0610.3907
4702,0610.3908
4703,0610.3919
4704,0610.3920
4705,0610.3921
4706,0610.3922
4707,0610.3923
4708,0610.3924
4709,0610.3927
4710,0610.3935
4711,0610.3947
4712,0610.3965
4713,0610.3969
4714,0610.3973
4715,0610.3974
4716,0610.3976
4717,0610.3986
4718,0610.3993
4719,0610.3994
4720,0610.3996
4721,0610.3997
4722,0610.3998
4723,0610.3999
4724,0610.4
4725,0610.4000
4726,0610.4001
4727,0610.4025
4728,0610.4027
4729,0610.4037
4730,0610.4090
4731,0610.4091
4732,0610.4092
4733,0610.4093
4734,0610.4103
4735,0610.4109
4736,0610.4115
4737,0610.4124
4738,0610.4125
4739,0610.4126
4740,0610.4128
4741,0610.4143
4742,0610.415
4743,0610.4152
4744,0610.4166
4745,0610.4173
4746,0610.418
4747,0610.4202
4748,0610.4203
4749,0610.4218
4750,0610.4223
4751,0610.4228
4752,0610.4229
4753,0610.4231
4754,0610.4238
4755,0610.4244
4756,0610.4245
4757,0610.4248
4758,0610.4249
4759,0610.4254
4760,0610.4257
4761,0610.4267
4762,0610.4281
4763,0610.4282
4764,0610.4285
4765,0610.4286
4766,0610.4287
4767,0610.4301
4768,0610.4303
4769,0610.4305
4770,0610.4308
4771,0610.4309
4772,0610.4315
4773,0610.4316
4774,0610.4318
4775,0610.4346
4776,0610.4347
4777,0610.4356
4778,0610.4357
4779,0610.4358
4780,0610.4360
4781,0610.4361
4782,0610.4365
4783,0610.4368
4784,0610.437
4785,0610.4382
4786,0610.4386
4787,0610.439
4788,0610.4392
4789,0610.4397
4790,0610.4398
4791,0610.4412
4792,0610.4413
4793,0610.442
4794,0610.4424
4795,0610.4426
4796,0610.4436
4797,0610.4437
4798,0610.4438
4799,0610.4441
4800,0610.4453
4801,0610.4455
4802,0610.4457
4803,0610.4464
4804,0610.4467
4805,0610.4468
4806,0610.4469
4807,0610.4470
4808,0610.4471
4809,0610.4473
4810,0610.4474
4811,0610.4477
4812,0610.4478
4813,0610.4479
4814,0610.4480
4815,0610.4503
4816,0610.4506
4817,0610.4507
4818,0610.4514
4819,0610.4516
4820,0610.4518
4821,0610.4534
4822,0610.4535
4823,0610.4536
4824,0610.4537
4825,0610.4538
4826,0610.4539
4827,0610.4541
4828,0610.4542
4829,0610.4543
4830,0610.4558
4831,0610.4566
4832,0610.4567
4833,0610.4570
4834,0610.4571
4835,0610.4574
4836,0610.4578
4837,0610.458
4838,0610.4583
4839,0610.4594
4840,0610.46
4841,0610.4602
4842,0610.4611
4843,0610.4614
4844,0610.4616
4845,0610.4617
4846,0610.4621
4847,0610.4622
4848,0610.4623
4849,0610.4626
4850,0610.4639
4851,0610.464
4852,0610.4648
4853,0610.465
4854,0610.4650
4855,0610.4651
4856,0610.4652
4857,0610.4653
4858,0610.4660
4859,0610.4661
4860,0610.4662
4861,0610.4666
4862,0610.4667
4863,0610.4668
4864,0610.4670
4865,0610.4672
4866,0610.4673
4867,0610.4677
4868,0610.4691
4869,0610.4692
4870,0610.4693
4871,0610.4694
4872,0610.4695
4873,0610.4696
4874,0610.4697
4875,0610.4698
4876,0610.4699
4877,0610.470
4878,0610.4701
4879,0610.4703
4880,0610.4704
4881,0610.4705
4882,0610.471
4883,0610.472
4884,0610.473
4885,0610.4737
4886,0610.4739
4887,0610.474
4888,0610.4740
4889,0610.475
4890,0610.4758
4891,0610.476
4892,0610.4760
4893,0610.4762
4894,0610.477
4895,0610.4775
4896,0610.478
4897,0610.4781
4898,0610.479
4899,0610.4792
4900,0610.48
4901,0610.4802
4902,0610.4815
4903,0610.4816
4904,0610.482
4905,0610.483
4906,0610.4837
4907,0610.4843
4908,0610.4868
4909,0610.4907
4910,0610.4919
4911,0610.4920
4912,0610.494
4913,0610.4941
4914,0610.4950
4915,0610.4951
4916,0610.4965
4917,0610.4979
4918,0610.4996
4919,0610.50
4920,0610.5026
4921,0610.5029
4922,0610.5030
4923,0610.5031
4924,0610.5032
4925,0610.5033
4926,0610.5038
4927,0610.504
4928,0610.5040
4929,0610.5041
4930,0610.505
4931,0610.5050
4932,0610.5051
4933,0610.5052
4934,0610.5053
4935,0610.5069
4936,0610.5072
4937,0610.5075
4938,0610.5083
4939,0610.5085
4940,0610.5086
4941,0610.5088
4942,0610.5097
4943,0610.51
4944,0610.5124
4945,0610.5128
4946,0610.5129
4947,0610.5135
4948,0610.5141
4949,0610.5143
4950,0610.5148
4951,0610.5152
4952,0610.5153
4953,0610.5155
4954,0610.5156
4955,0610.5157
4956,0610.5179
4957,0610.5180
4958,0610.5181
4959,0610.5183
4960,0610.5184
4961,0610.5191
4962,0610.5193
4963,0610.5194
4964,0610.52
4965,0610.520
4966,0610.521
4967,0610.522
4968,0610.5228
4969,0610.5229
4970,0610.523
4971,0610.5230
4972,0610.5245
4973,0610.5249
4974,0610.525
4975,0610.5250
4976,0610.5257
4977,0610.5262
4978,0610.5270
4979,0610.5287
4980,0610.5288
4981,0610.5289
4982,0610.5290
4983,0610.5291
4984,0610.5292
4985,0610.5293
4986,0610.5294
4987,0610.5295
4988,0610.5296
4989,0610.5297
4990,0610.5298
4991,0610.5303
4992,0610.5305
4993,0610.5306
4994,0610.5316
4995,0610.5319
4996,0610.5320
4997,0610.5323
4998,0610.5325
4999,0610.5326
5000,0610.5327
5001,0610.5330
5002,0610.5331
5003,0610.5332
5004,0610.5334
5005,0610.5339
5006,0610.5358
5007,0610.5359
5008,0610.536
5009,0610.5360
5010,0610.5361
5011,0610.5362
5012,0610.5364
5013,0610.5370
5014,0610.5380
5015,0610.5387
5016,0610.5401
5017,0610.541
5018,0610.5411
5019,0610.5416
5020,0610.5435
5021,0610.5437
5022,0610.5438
5023,0610.5439
5024,0610.544
5025,0610.5440
5026,0610.5441
5027,0610.5442
5028,0610.5445
5029,0610.5446
5030,0610.5447
5031,0610.5458
5032,0610.5459
5033,0610.5460
5034,0610.5465
5035,0610.5478
5036,0610.5479
5037,0610.548
5038,0610.5481
5039,0610.5484
5040,0610.5485
5041,0610.5486
5042,0610.5487
5043,0610.5488
5044,0610.5489
5045,0610.549
5046,0610.5490
5047,0610.5495
5048,0610.5496
5049,0610.5497
5050,0610.5498
5051,0610.5528
5052,0610.5539
5053,0610.5540
5054,0610.5547
5055,0610.5548
5056,0610.5549
5057,0610.5550
5058,0610.5551
5059,0610.5552
5060,0610.5572
5061,0610.5573
5062,0610.5575
5063,0610.5577
5064,0610.5583
5065,0610.5597
5066,0610.5598
5067,0610.56
5068,0610.5605
5069,0610.5606
5070,0610.5607
5071,0610.5608
5072,0610.5611
5073,0610.5623
5074,0610.563
5075,0610.5634
5076,0610.5635
5077,0610.5636
5078,0610.5637
5079,0610.5640
5080,0610.5641
5081,0610.5644
5082,0610.5646
5083,0610.5652
5084,0610.5653
5085,0610.5658
5086,0610.5659
5087,0610.5677
5088,0610.5678
5089,0610.5713
5090,0610.5715
5091,0610.5716
5092,0610.5718
5093,0610.5719
5094,0610.572
5095,0610.5721
5096,0610.5722
5097,0610.5723
5098,0610.5747
5099,0610.5749
5100,0610.5754
5101,0610.576
5102,0610.5768
5103,0610.5778
5104,0610.5780
5105,0610.5781
5106,0610.5782
5107,0610.5783
5108,0610.5786
5109,0610.5789
5110,0610.5791
5111,0610.581
5112,0610.584
5113,0610.585
5114,0610.5853
5115,0610.5854
5116,0610.5857
5117,0610.586
5118,0610.5863
5119,0610.5871
5120,0610.5874
5121,0610.5876
5122,0610.5877
5123,0610.5878
5124,0610.5882
5125,0610.5884
5126,0610.5888
5127,0610.5889
5128,0610.5895
5129,0610.5923
5130,0610.5924
5131,0610.5925
5132,0610.5927
5133,0610.5928
5134,0610.5929
5135,0610.5930
5136,0610.5931
5137,0610.5932
5138,0610.5933
5139,0610.5950
5140,0610.5951
5141,0610.5952
5142,0610.5963
5143,0610.5966
5144,0610.5967
5145,0610.5968
5146,0610.5972
5147,0610.5973
5148,0610.5975
5149,0610.599
5150,0610.6
5151,0610.6003
5152,0610.601
5153,0610.6010
5154,0610.6011
5155,0610.6014
5156,0610.6015
5157,0610.6020
5158,0610.6021
5159,0610.6033
5160,0610.6034
5161,0610.6035
5162,0610.6036
5163,0610.6048
5164,0610.6050
5165,0610.6053
5166,0610.6060
5167,0610.6063
5168,0610.6075
5169,0610.608
5170,0610.6080
5171,0610.61
5172,0610.6103
5173,0610.611
5174,0610.612
5175,0610.6137
5176,0610.6138
5177,0610.6139
5178,0610.6141
5179,0610.6142
5180,0610.6143
5181,0610.6146
5182,0610.6152
5183,0610.6154
5184,0610.6172
5185,0610.6173
5186,0610.6182
5187,0610.6192
5188,0610.6193
5189,0610.6194
5190,0610.6195
5191,0610.6199
5192,0610.6200
5193,0610.6202
5194,0610.6203
5195,0610.6220
5196,0610.6222
5197,0610.6225
5198,0610.6229
5199,0610.6230
5200,0610.6231
5201,0610.6232
5202,0610.6235
5203,0610.6236
5204,0610.6253
5205,0610.6257
5206,0610.6259
5207,0610.6261
5208,0610.6265
5209,0610.6266
5210,0610.6268
5211,0610.6278
5212,0610.6279
5213,0610.6280
5214,0610.6281
5215,0610.6282
5216,0610.6284
5217,0610.6289
5218,0610.6291
5219,0610.6302
5220,0610.6303
5221,0610.6324
5222,0610.6335
5223,0610.6337
5224,0610.6343
5225,0610.6345
5226,0610.6346
5227,0610.6352
5228,0610.6353
5229,0610.6360
5230,0610.6361
5231,0610.6363
5232,0610.6386
5233,0610.6394
5234,0610.6396
5235,0610.6400
5236,0610.641
5237,0610.642
5238,0610.6447
5239,0610.646
5240,0610.6467
5241,0610.6468
5242,0610.6469
5243,0610.6470
5244,0610.6473
5245,0610.6486
5246,0610.6488
5247,0610.6490
5248,0610.650
5249,0610.6516
5250,0610.6517
5251,0610.6518
5252,0610.6519
5253,0610.6520
5254,0610.6521
5255,0610.6531
5256,0610.6534
5257,0610.6536
5258,0610.6540
5259,0610.6545
5260,0610.6547
5261,0610.6553
5262,0610.6554
5263,0610.6555
5264,0610.6556
5265,0610.6557
5266,0610.6558
5267,0610.6559
5268,0610.6560
5269,0610.6561
5270,0610.6562
5271,0610.6563
5272,0610.6564
5273,0610.6565
5274,0610.6580
5275,0610.6581
5276,0610.6582
5277,0610.6583
5278,0610.6584
5279,0610.6586
5280,0610.659
5281,0610.6590
5282,0610.6592
5283,0610.6593
5284,0610.6598
5285,0610.6599
5286,0610.66
5287,0610.6619
5288,0610.6620
5289,0610.6625
5290,0610.6633
5291,0610.6642
5292,0610.6649
5293,0610.6650
5294,0610.6651
5295,0610.6652
5296,0610.6654
5297,0610.6655
5298,0610.6656
5299,0610.6663
5300,0610.6664
5301,0610.6666
5302,0610.6667
5303,0610.6671
5304,0610.6672
5305,0610.6673
5306,0610.6675
5307,0610.669
5308,0610.67
5309,0610.670
5310,0610.672
5311,0610.678
5312,0610.6789
5313,0610.6790
5314,0610.6791
5315,0610.6793
5316,0610.6794
5317,0610.6795
5318,0610.6796
5319,0610.68
5320,0610.6806
5321,0610.6811
5322,0610.6812
5323,0610.6813
5324,0610.6827
5325,0610.6834
5326,0610.6835
5327,0610.6836
5328,0610.6837
5329,0610.684
5330,0610.6844
5331,0610.6849
5332,0610.6850
5333,0610.6872
5334,0610.6887
5335,0610.6888
5336,0610.6889
5337,0610.6890
5338,0610.6905
5339,0610.6906
5340,0610.6909
5341,0610.6910
5342,0610.6915
5343,0610.6917
5344,0610.6920
5345,0610.6921
5346,0610.6929
5347,0610.6930
5348,0610.6936
5349,0610.6939
5350,0610.6941
5351,0610.6946
5352,0610.695
5353,0610.6955
5354,0610.6956
5355,0610.6958
5356,0610.6959
5357,0610.6962
5358,0610.6963
5359,0610.6964
5360,0610.6966
5361,0610.6970
5362,0610.6973
5363,0610.6974
5364,0610.6979
5365,0610.6980
5366,0610.7
5367,0610.7006
5368,0610.7007
5369,0610.7008
5370,0610.7009
5371,0610.7010
5372,0610.7011
5373,0610.702
5374,0610.7022
5375,0610.7023
5376,0610.7024
5377,0610.7028
5378,0610.703
5379,0610.704
5380,0610.7040
5381,0610.7041
5382,0610.7043
5383,0610.7044
5384,0610.7045
5385,0610.7046
5386,0610.7048
5387,0610.705
5388,0610.7057
5389,0610.7058
5390,0610.706
5391,0610.7062
5392,0610.7066
5393,0610.7068
5394,0610.7069
5395,0610.707
5396,0610.7073
5397,0610.7075
5398,0610.7079
5399,0610.708
5400,0610.7084
5401,0610.7086
5402,0610.7088
5403,0610.7089
5404,0610.709
5405,0610.7090
5406,0610.7095
5407,0610.7096
5408,0610.7098
5409,0610.71
5410,0610.710
5411,0610.7107
5412,0610.7114
5413,0610.7116
5414,0610.7117
5415,0610.7118
5416,0610.712
5417,0610.713
5418,0610.7131
5419,0610.7136
5420,0610.7139
5421,0610.714
5422,0610.7148
5423,0610.7168
5424,0610.7169
5425,0610.7173
5426,0610.7174
5427,0610.7175
5428,0610.7176
5429,0610.7177
5430,0610.7178
5431,0610.7180
5432,0610.7202
5433,0610.7203
5434,0610.7205
5435,0610.7206
5436,0610.7207
5437,0610.7210
5438,0610.7211
5439,0610.7212
5440,0610.7213
5441,0610.7215
5442,0610.7286
5443,0610.7288
5444,0610.7295
5445,0610.7297
5446,0610.7298
5447,0610.7302
5448,0610.7303
5449,0610.7304
5450,0610.7316
5451,0610.7317
5452,0610.7320
5453,0610.7321
5454,0610.7323
5455,0610.7327
5456,0610.734
5457,0610.7358
5458,0610.7359
5459,0610.7362
5460,0610.7376
5461,0610.7378
5462,0610.7380
5463,0610.7381
5464,0610.7382
5465,0610.7388
5466,0610.7390
5467,0610.74
5468,0610.7400
5469,0610.7402
5470,0610.7406
5471,0610.7414
5472,0610.7415
5473,0610.7416
5474,0610.7417
5475,0610.7418
5476,0610.7419
5477,0610.7420
5478,0610.7421
5479,0610.7422
5480,0610.7423
5481,0610.7448
5482,0610.7449
5483,0610.745
5484,0610.7450
5485,0610.7451
5486,0610.7452
5487,0610.7453
5488,0610.7454
5489,0610.7473
5490,0610.7475
5491,0610.7476
5492,0610.7491
5493,0610.7492
5494,0610.7493
5495,0610.7494
5496,0610.7495
5497,0610.75
5498,0610.750
5499,0610.7503
5500,0610.7504
5501,0610.751
5502,0610.752
5503,0610.7533
5504,0610.754
5505,0610.7543
5506,0610.7544
5507,0610.7556
5508,0610.756
5509,0610.7564
5510,0610.7569
5511,0610.757
5512,0610.7584
5513,0610.7587
5514,0610.7588
5515,0610.7590
5516,0610.7592
5517,0610.7600
5518,0610.7603
5519,0610.7605
5520,0610.7611
5521,0610.7620
5522,0610.7624
5523,0610.7625
5524,0610.7636
5525,0610.7637
5526,0610.7641
5527,0610.7650
5528,0610.7651
5529,0610.7652
5530,0610.7653
5531,0610.7655
5532,0610.7656
5533,0610.7658
5534,0610.7659
5535,0610.7662
5536,0610.7663
5537,0610.7665
5538,0610.767
5539,0610.768
5540,0610.7683
5541,0610.7684
5542,0610.7685
5543,0610.7686
5544,0610.7690
5545,0610.770
5546,0610.7702
5547,0610.771
5548,0610.7718
5549,0610.7719
5550,0610.7720
5551,0610.7721
5552,0610.7723
5553,0610.7724
5554,0610.773
5555,0610.7737
5556,0610.7738
5557,0610.7739
5558,0610.7740
5559,0610.7741
5560,0610.7742
5561,0610.7743
5562,0610.7744
5563,0610.7745
5564,0610.7746
5565,0610.7748
5566,0610.7749
5567,0610.7790
5568,0610.7792
5569,0610.7793
5570,0610.7817
5571,0610.7818
5572,0610.7845
5573,0610.7853
5574,0610.7866
5575,0610.7867
5576,0610.7870
5577,0610.7872
5578,0610.7876
5579,0610.7882
5580,0610.7883
5581,0610.793
5582,0610.7934
5583,0610.794
5584,0610.7950
5585,0610.7951
5586,0610.7961
5587,0610.7962
5588,0610.7965
5589,0610.7969
5590,0610.7970
5591,0610.7971
5592,0610.7978
5593,0610.7980
5594,0610.7981
5595,0610.7982
5596,0610.7983
5597,0610.7989
5598,0610.8004
5599,0610.8005
5600,0610.8007
5601,0610.8009
5602,0610.8010
5603,0610.8013
5604,0610.8015
5605,0610.8016
5606,0610.8017
5607,0610.8018
5608,0610.802
5609,0610.803
5610,0610.8042
5611,0610.8052
5612,0610.8053
5613,0610.8055
5614,0610.8056
5615,0610.8057
5616,0610.8068
5617,0610.8069
5618,0610.8086
5619,0610.8091
5620,0610.8104
5621,0610.8106
5622,0610.8110
5623,0610.8114
5624,0610.8116
5625,0610.8119
5626,0610.812
5627,0610.813
5628,0610.8130
5629,0610.8132
5630,0610.8138
5631,0610.8141
5632,0610.8142
5633,0610.815
5634,0610.8151
5635,0610.8155
5636,0610.816
5637,0610.8172
5638,0610.8174
5639,0610.8180
5640,0610.8208
5641,0610.8209
5642,0610.8210
5643,0610.8215
5644,0610.8216
5645,0610.823
5646,0610.8230
5647,0610.8231
5648,0610.8232
5649,0610.8242
5650,0610.8244
5651,0610.8245
5652,0610.8246
5653,0610.8251
5654,0610.8252
5655,0610.8254
5656,0610.8255
5657,0610.8257
5658,0610.8262
5659,0610.8263
5660,0610.8288
5661,0610.8301
5662,0610.8307
5663,0610.8308
5664,0610.8319
5665,0610.8320
5666,0610.8323
5667,0610.8325
5668,0610.8326
5669,0610.8327
5670,0610.8328
5671,0610.8329
5672,0610.8330
5673,0610.8331
5674,0610.8358
5675,0610.837
5676,0610.8375
5677,0610.840
5678,0610.8403
5679,0610.8408
5680,0610.8419
5681,0610.8420
5682,0610.8436
5683,0610.8438
5684,0610.8439
5685,0610.8440
5686,0610.8441
5687,0610.8442
5688,0610.8444
5689,0610.8446
5690,0610.8447
5691,0610.8467
5692,0610.8468
5693,0610.847
5694,0610.8471
5695,0610.8472
5696,0610.8473
5697,0610.8490
5698,0610.850
5699,0610.8502
5700,0610.8505
5701,0610.8522
5702,0610.8537
5703,0610.8539
5704,0610.8547
5705,0610.8548
5706,0610.8553
5707,0610.8559
5708,0610.8562
5709,0610.8574
5710,0610.8583
5711,0610.8584
5712,0610.8585
5713,0610.8596
5714,0610.8599
5715,0610.8624
5716,0610.8626
5717,0610.8638
5718,0610.8639
5719,0610.8647
5720,0610.8658
5721,0610.8673
5722,0610.8682
5723,0610.8683
5724,0610.8684
5725,0610.8687
5726,0610.8688
5727,0610.8705
5728,0610.8706
5729,0610.8715
5730,0610.8718
5731,0610.8728
5732,0610.8730
5733,0610.8731
5734,0610.8732
5735,0610.8733
5736,0610.8739
5737,0610.8740
5738,0610.8747
5739,0610.8750
5740,0610.8751
5741,0610.8752
5742,0610.8755
5743,0610.8756
5744,0610.8777
5745,0610.8789
5746,0610.879
5747,0610.8790
5748,0610.8791
5749,0610.8797
5750,0610.8798
5751,0610.8799
5752,0610.881
5753,0610.8812
5754,0610.8813
5755,0610.8818
5756,0610.8819
5757,0610.882
5758,0610.8820
5759,0610.8834
5760,0610.8835
5761,0610.8836
5762,0610.8848
5763,0610.8849
5764,0610.8858
5765,0610.8859
5766,0610.8862
5767,0610.8874
5768,0610.8876
5769,0610.8877
5770,0610.889
5771,0610.8895
5772,0610.8896
5773,0610.8897
5774,0610.8913
5775,0610.8914
5776,0610.892
5777,0610.8921
5778,0610.8923
5779,0610.8924
5780,0610.8935
5781,0610.8937
5782,0610.8938
5783,0610.8939
5784,0610.8940
5785,0610.8955
5786,0610.8960
5787,0610.8967
5788,0610.8968
5789,0610.8969
5790,0610.897
5791,0610.8975
5792,0610.8978
5793,0610.8982
5794,0610.8983
5795,0610.8997
5796,0610.9044
5797,0610.9046
5798,0610.9047
5799,0610.9066
5800,0610.9069
5801,0610.9077
5802,0610.9079
5803,0610.9080
5804,0610.9089
5805,0610.9091
5806,0610.9096
5807,0610.9108
5808,0610.9113
5809,0610.9115
5810,0610.9119
5811,0610.9122
5812,0610.9123
5813,0610.9129
5814,0610.9141
5815,0610.9156
5816,0610.9157
5817,0610.9161
5818,0610.9162
5819,0610.9172
5820,0610.9179
5821,0610.9185
5822,0610.9205
5823,0610.9214
5824,0610.9217
5825,0610.9219
5826,0610.9220
5827,0610.9233
5828,0610.9235
5829,0610.9238
5830,0610.926
5831,0610.9262
5832,0610.928
5833,0610.9281
5834,0610.9285
5835,0610.9288
5836,0610.931
5837,0610.9311
5838,0610.9312
5839,0610.9313
5840,0610.934
5841,0610.9346
5842,0610.9347
5843,0610.9348
5844,0610.9359
5845,0610.9360
5846,0610.9373
5847,0610.9374
5848,0610.9385
5849,0610.9387
5850,0610.9389
5851,0610.9398
5852,0610.9404
5853,0610.9425
5854,0610.9426
5855,0610.9434
5856,0610.9439
5857,0610.9444
5858,0610.9454
5859,0610.9456
5860,0610.9466
5861,0610.948
5862,0610.9482
5863,0610.9488
5864,0610.9489
5865,0610.9490
5866,0610.9496
5867,0610.9497
5868,0610.9503
5869,0610.952
5870,0610.9520
5871,0610.9526
5872,0610.9531
5873,0610.9532
5874,0610.9555
5875,0610.9564
5876,0610.9574
5877,0610.9578
5878,0610.958
5879,0610.9589
5880,0610.9591
5881,0610.960
5882,0610.9602
5883,0610.961
5884,0610.962
5885,0610.9620
5886,0610.965
5887,0610.9656
5888,0610.9695
5889,0610.972
5890,0610.9721
5891,0610.9732
5892,0610.9737
5893,0610.974
5894,0610.9768
5895,0610.978
5896,0610.9783
5897,0610.9784
5898,0610.9795
5899,0610.9797
5900,0610.9798
5901,0610.9801
5902,0610.9810
5903,0610.9814
5904,0610.9816
5905,0610.9819
5906,0610.9834
5907,0610.9843
5908,0610.9851
5909,0610.9872
5910,0610.9885
5911,0610.9893
5912,0610.99
5913,0610.9900
5914,0610.9904
5915,0610.9906
5916,0610.993
5917,0610.9938
5918,0610.9939
5919,0610.9941
5920,0610.9943
5921,0610.9944
5922,0610.9946
5923,0610.9949
5924,0610.9959
5925,0610.996
5926,0610.9964
5927,0611.1011
5928,0611.1016
5929,0611.1019
5930,0611.1020
5931,0611.1023
5932,0611.1024
5933,0611.1025
5934,0611.1026
5935,0611.1027
5936,0611.1028
5937,0611.1029
5938,0611.1030
5939,0611.1031
5940,0611.1032
5941,0611.1033
5942,0611.1034
5943,0611.104
5944,0611.105
5945,0611.1062
5946,0611.1068
5947,0611.107
5948,0611.1070
5949,0611.1078
5950,0611.1079
5951,0611.108
5952,0611.1088
5953,0611.109
5954,0611.1090
5955,0611.1095
5956,0611.1096
5957,0611.1097
5958,0611.1098
5959,0611.1101
5960,0611.1109
5961,0611.1110
5962,0611.1111
5963,0611.1112
5964,0611.1113
5965,0611.1126
5966,0611.1127
5967,0611.1129
5968,0611.1130
5969,0611.1131
5970,0611.1132
5971,0611.114
5972,0611.1168
5973,0611.1170
5974,0611.1171
5975,0611.1190
5976,0611.1191
5977,0611.1192
5978,0611.1193
5979,0611.1195
5980,0611.1216
5981,0611.1221
5982,0611.1228
5983,0611.1232
5984,0611.1253
5985,0611.1255
5986,0611.1299
5987,0611.1302
5988,0611.1304
5989,0611.1305
5990,0611.1306
5991,0611.1307
5992,0611.1316
5993,0611.1317
5994,0611.1318
5995,0611.1320
5996,0611.1325
5997,0611.1326
5998,0611.1327
5999,0611.1330
6000,0611.1350
6001,0611.1351
6002,0611.1357
6003,0611.1358
6004,0611.1359
6005,0611.1362
6006,0611.1363
6007,0611.1375
6008,0611.1393
6009,0611.1396
6010,0611.1403
6011,0611.1404
6012,0611.1405
6013,0611.1406
6014,0611.1407
6015,0611.1408
6016,0611.1416
6017,0611.1424
6018,0611.1437
6019,0611.1441
6020,0611.1443
6021,0611.1447
6022,0611.1470
6023,0611.1484
6024,0611.1491
6025,0611.1493
6026,0611.1494
6027,0611.1495
6028,0611.1496
6029,0611.1510
6030,0611.1516
6031,0611.1524
6032,0611.1525
6033,0611.153
6034,0611.1531
6035,0611.1532
6036,0611.1533
6037,0611.1543
6038,0611.1579
6039,0611.1584
6040,0611.1585
6041,0611.1592
6042,0611.1596
6043,0611.1597
6044,0611.1598
6045,0611.16
6046,0611.160
6047,0611.1606
6048,0611.1613
6049,0611.1618
6050,0611.1624
6051,0611.165
6052,0611.166
6053,0611.1666
6054,0611.167
6055,0611.168
6056,0611.1685
6057,0611.1693
6058,0611.17
6059,0611.1709
6060,0611.1714
6061,0611.1746
6062,0611.1749
6063,0611.18
6064,0611.1822
6065,0611.183
6066,0611.184
6067,0611.185
6068,0611.187
6069,0611.188
6070,0611.19
6071,0611.190
6072,0611.192
6073,0611.194
6074,0611.195
6075,0611.196
6076,0611.2
6077,0611.201
6078,0611.205
6079,0611.206
6080,0611.209
6081,0611.213
6082,0611.214
6083,0611.216
6084,0611.217
6085,0611.218
6086,0611.219
6087,0611.220
6088,0611.221
6089,0611.223
6090,0611.224
6091,0611.225
6092,0611.226
6093,0611.227
6094,0611.228
6095,0611.229
6096,0611.230
6097,0611.231
6098,0611.232
6099,0611.233
6100,0611.234
6101,0611.236
6102,0611.237
6103,0611.261
6104,0611.262
6105,0611.263
6106,0611.264
6107,0611.265
6108,0611.266
6109,0611.268
6110,0611.269
6111,0611.270
6112,0611.271
6113,0611.272
6114,0611.273
6115,0611.274
6116,0611.295
6117,0611.296
6118,0611.297
6119,0611.298
6120,0611.299
6121,0611.3
6122,0611.300
6123,0611.301
6124,0611.302
6125,0611.303
6126,0611.304
6127,0611.305
6128,0611.306
6129,0611.307
6130,0611.308
6131,0611.310
6132,0611.312
6133,0611.314
6134,0611.315
6135,0611.320
6136,0611.321
6137,0611.322
6138,0611.323
6139,0611.324
6140,0611.329
6141,0611.330
6142,0611.332
6143,0611.334
6144,0611.336
6145,0611.343
6146,0611.344
6147,0611.345
6148,0611.346
6149,0611.347
6150,0611.348
6151,0611.349
6152,0611.352
6153,0611.353
6154,0611.354
6155,0611.356
6156,0611.359
6157,0611.360
6158,0611.361
6159,0611.362
6160,0611.365
6161,0611.366
6162,0611.380
6163,0611.4
6164,0611.401
6165,0611.402
6166,0611.403
6167,0611.404
6168,0611.405
6169,0611.406
6170,0611.409
6171,0611.410
6172,0611.411
6173,0611.412
6174,0611.414
6175,0611.42
6176,0611.429
6177,0611.43
6178,0611.430
6179,0611.433
6180,0611.436
6181,0611.44
6182,0611.446
6183,0611.448
6184,0611.449
6185,0611.45
6186,0611.450
6187,0611.451
6188,0611.456
6189,0611.457
6190,0611.458
6191,0611.459
6192,0611.46
6193,0611.468
6194,0611.47
6195,0611.471
6196,0611.473
6197,0611.474
6198,0611.476
6199,0611.477
6200,0611.478
6201,0611.479
6202,0611.480
6203,0611.483
6204,0611.484
6205,0611.485
6206,0611.486
6207,0611.490
6208,0611.492
6209,0611.497
6210,0611.498
6211,0611.5
6212,0611.504
6213,0611.508
6214,0611.509
6215,0611.527
6216,0611.528
6217,0611.530
6218,0611.531
6219,0611.532
6220,0611.533
6221,0611.542
6222,0611.543
6223,0611.544
6224,0611.545
6225,0611.546
6226,0611.547
6227,0611.548
6228,0611.551
6229,0611.552
6230,0611.553
6231,0611.554
6232,0611.555
6233,0611.572
6234,0611.579
6235,0611.58
6236,0611.580
6237,0611.581
6238,0611.582
6239,0611.583
6240,0611.584
6241,0611.585
6242,0611.586
6243,0611.596
6244,0611.597
6245,0611.6
6246,0611.602
6247,0611.603
6248,0611.604
6249,0611.605
6250,0611.606
6251,0611.607
6252,0611.608
6253,0611.609
6254,0611.610
6255,0611.611
6256,0611.612
6257,0611.613
6258,0611.614
6259,0611.615
6260,0611.626
6261,0611.627
6262,0611.628
6263,0611.629
6264,0611.642
6265,0611.643
6266,0611.654
6267,0611.658
6268,0611.661
6269,0611.662
6270,0611.663
6271,0611.664
6272,0611.665
6273,0611.666
6274,0611.667
6275,0611.668
6276,0611.669
6277,0611.670
6278,0611.691
6279,0611.692
6280,0611.699
6281,0611.7
6282,0611.702
6283,0611.705
6284,0611.706
6285,0611.72
6286,0611.73
6287,0611.732
6288,0611.733
6289,0611.734
6290,0611.735
6291,0611.738
6292,0611.739
6293,0611.74
6294,0611.745
6295,0611.75
6296,0611.750
6297,0611.751
6298,0611.752
6299,0611.753
6300,0611.754
6301,0611.756
6302,0611.757
6303,0611.759
6304,0611.76
6305,0611.760
6306,0611.761
6307,0611.762
6308,0611.763
6309,0611.766
6310,0611.767
6311,0611.769
6312,0611.77
6313,0611.771
6314,0611.78
6315,0611.783
6316,0611.784
6317,0611.79
6318,0611.790
6319,0611.797
6320,0611.80
6321,0611.803
6322,0611.804
6323,0611.805
6324,0611.806
6325,0611.809
6326,0611.81
6327,0611.810
6328,0611.811
6329,0611.812
6330,0611.82
6331,0611.826
6332,0611.827
6333,0611.828
6334,0611.829
6335,0611.830
6336,0611.831
6337,0611.833
6338,0611.837
6339,0611.839
6340,0611.843
6341,0611.85
6342,0611.859
6343,0611.86
6344,0611.860
6345,0611.861
6346,0611.862
6347,0611.863
6348,0611.864
6349,0611.865
6350,0611.866
6351,0611.867
6352,0611.868
6353,0611.869
6354,0611.870
6355,0611.871
6356,0611.872
6357,0611.874
6358,0611.875
6359,0611.876
6360,0611.877
6361,0611.878
6362,0611.879
6363,0611.880
6364,0611.881
6365,0611.883
6366,0611.884
6367,0611.885
6368,0611.886
6369,0611.887
6370,0611.890
6371,0611.916
6372,0611.917
6373,0611.922
6374,0611.925
6375,0611.926
6376,0611.927
6377,0611.929
6378,0611.930
6379,0611.936
6380,0611.948
6381,0611.949
6382,0611.95
6383,0611.950
6384,0611.952
6385,0611.953
6386,0611.954
6387,0611.955
6388,0611.956
6389,0611.957
6390,0611.958
6391,0611.959
6392,0611.960
6393,0611.961
6394,0611.972
6395,0611.975
6396,0611.984
6397,0611.985
6398,0611.986
6399,0611.987
6400,0611.988
